Title,sku,regular price,stock,img%20url,On Ebay,group,Person Name,team
Abby Cross,AaliyahHprpR2019Y0001,9.99,1,https://american-autographs.com/toimages//Aaliyah%20Hadid%20_0001.jpg|,,2,Abby Cross,RPR
Abby Cross,AaliyahH08142021CLY0499,9.99,1,https://american-autographs.com/toimages//Aaliyah%20Hadid%20_0499.jpg|,,2,Abby Cross,RPR
Abby Cross,AaliyahH08142021CLY0500,9.99,1,https://american-autographs.com/toimages//Aaliyah%20Hadid%20_0500.jpg|,,2,Abby Cross,RPR
Abby Cross,AaliyahH08142021CLY0501,9.99,1,https://american-autographs.com/toimages//Aaliyah%20Hadid%20_0501.jpg|,,2,Abby Cross,RPR
Aaliyah Hadid autographed Model RP 8x10 Photo RP0502,AaliyahH08142021CLY0502,9.99,1,https://american-autographs.com/toimages//Aaliyah%20Hadid%20_0502.jpg|,24,1,Aaliyah Hadid,RPRts
Aaliyah Hadid autographed Model RP 8x10 Photo RP0503,AaliyahH08142021CLY0503,9.99,1,https://american-autographs.com/toimages//Aaliyah%20Hadid%20_0503.jpg|,,1,Aaliyah Hadid,RPRts
Aaliyah Hadid autographed Model RP 8x10 Photo RP0504,AaliyahH08142021CLY0504,9.99,1,https://american-autographs.com/toimages//Aaliyah%20Hadid%20_0504.jpg|,,1,Aaliyah Hadid,RPRts
Aaliyah Hadid autographed Model RP 8x10 Photo RP0505,AaliyahH08142021CLY0505,9.99,1,https://american-autographs.com/toimages//Aaliyah%20Hadid%20_0505.jpg|,,3,lena paul,RPR
Aaliyah Hadid autographed Model RP 8x10 Photo RP0506,AaliyahH08142021CLY0506,9.99,1,https://american-autographs.com/toimages//Aaliyah%20Hadid%20_0506.jpg|,24,3,lena paul,RPR
Aaliyah Hadid autographed Model RP 8x10 Photo RP0508,AaliyahH08142021CLY0507,9.99,1,https://american-autographs.com/toimages//Aaliyah%20Hadid%20_0508.jpg|,,3,lena paul,RPR
Aaliyah Hadid autographed Model RP 8x10 Photo RP0508,AaliyahH08142021CLY0508,9.99,1,https://american-autographs.com/toimages//Aaliyah%20Hadid%20_0508.jpg|,,3,lena paul,RPR
Aaliyah Hadid autographed Model RP 8x10 Photo RP0509,AaliyahH08142021CLY0509,9.99,1,https://american-autographs.com/toimages//Aaliyah%20Hadid%20_0509.jpg|,,3,lena paul,RPRtsb
Aaliyah Hadid autographed Model RP 8x10 Photo RP0510,AaliyahH08142021CLY0510,9.99,1,https://american-autographs.com/toimages//Aaliyah%20Hadid%20_0510.jpg|,,784,Aaliyah Hadid,RPRB
Aaliyah Hadid autographed Model RP 8x10 Photo RP0511,AaliyahH08142021CLY0511,9.99,0,https://american-autographs.com/toimages//Aaliyah%20Hadid%20_0511.jpg|,,784,Aaliyah Hadid,RPRB
Aaliyah Hadid autographed Model RP 8x10 Photo RP0512,AaliyahH08142021CLY0512,9.99,1,https://american-autographs.com/toimages//Aaliyah%20Hadid%20_0512.jpg|,,784,Aaliyah Hadid,RPRB
Aaliyah Hadid autographed Model RP 8x10 Photo RP0513,AaliyahH08142021CLY0513,9.99,1,https://american-autographs.com/toimages//Aaliyah%20Hadid%20_0513.jpg|,,784,Aaliyah Hadid,RPRB
Aaliyah Love autographed Model RP 8X10 Photo RP5000,AalRppRG20185000,9.99,1,https://american-autographs.com/toimages//aaliyah%20love%205000.jpg|,,785,Aaliyah Love,RPGB
Abbey Rain autographed Model RP 8x10 Photo RP0002,AbbeyRprpR2019Y0002,9.99,1,https://american-autographs.com/toimages//Abbey%20Rain_0002.jpg|,,786,Abbey Rain,RPGB
Abbey Rain autographed Model RP 8x10 Photo RP0003,AbbeyRprpR2019Y0003,9.99,1,https://american-autographs.com/toimages//Abbey%20Rain1_0003.jpg|,24,786,Abbey Rain,RPGB
Abbey Rain autographed Model RP 8x10 Photo RP0004,AbbeyRprpR2019Y0004,9.99,1,https://american-autographs.com/toimages//Abbey%20Rain1_0003.jpg|,24,786,Abbey Rain,RPGB
Abbey Rain autographed Model RP 8x10 Photo RP0005,AbbeyRprpR2019Y0005,9.99,1,https://american-autographs.com/toimages//Abbey%20Rain1_0003.jpg|,24,786,Abbey Rain,RPR
Abbey Rain autographed Model RP 8x10 Photo RP0006,AbbeyRprpR2019Y0006,9.99,1,https://american-autographs.com/toimages//Abbey%20Rain1_0003.jpg|,24,786,Abbey Rain,RPR
Abbey Rain autographed Model RP 8x10 Photo RP0007,AbbeyRprpR2019Y0007,9.99,1,https://american-autographs.com/toimages//Abbey%20Rain1_0003.jpg|,24,786,Abbey Rain,RPR
Abbey Rain autographed Model RP 8x10 Photo RP0008,AbbeyRprpR2019Y0008,9.99,1,https://american-autographs.com/toimages//Abbey%20Rain1_0003.jpg|,24,786,Abbey Rain,RPR
