[t,Sku,Regular Price,Stock,Image URL,On Ebay,Group,Person Name,C:Team,C:League
Porn Star Abby Cross signed XXX 8x10 Photo -PROOF- -CERTIFICATE- (A0005),GiselleP1302018xY0005,17.95,0,https://theautographbank.com/wp-content/uploads/2018/01/Giselle-Palmer-1-14-2018_0005.jpg|https://theautographbank.com/wp-content/uploads/2018/01/Giselle-Palmer-Proof.jpg,,1,Abby Cross,xxx,
Porn Star Abby Cross signed XXX 8x10 Photo -PROOF- -CERTIFICATE- (A0006),GiselleP1302018xY0006,17.95,0,https://theautographbank.com/wp-content/uploads/2018/01/Giselle-Palmer-1-14-2018_0006.jpg|https://theautographbank.com/wp-content/uploads/2018/01/Giselle-Palmer-Proof.jpg,,1,Abby Cross,xxx,
Porn Star Abby Cross signed XXX 8x10 Photo -PROOF- -CERTIFICATE- (A0007),GiselleP1302018xY0007,17.95,0,https://theautographbank.com/wp-content/uploads/2018/01/Giselle-Palmer-1-14-2018_0007.jpg|https://theautographbank.com/wp-content/uploads/2018/01/Giselle-Palmer-Proof.jpg,,1,Abby Cross,xxx,
Porn Star Abby Cross signed XXX 8x10 Photo -PROOF- -CERTIFICATE- (A0008),GiselleP1302018xY0008,17.95,0,https://theautographbank.com/wp-content/uploads/2018/01/Giselle-Palmer-1-14-2018_0008.jpg|https://theautographbank.com/wp-content/uploads/2018/01/Giselle-Palmer-Proof.jpg,,2,Abby Cross,rb,
Porn Star Abby Cross signed XXX 8x10 Photo -PROOF- -CERTIFICATE- (A0009),GiselleP1302018xY0009,17.95,0,https://theautographbank.com/wp-content/uploads/2018/01/Giselle-Palmer-1-14-2018_0009.jpg|https://theautographbank.com/wp-content/uploads/2018/01/Giselle-Palmer-Proof.jpg,,2,Abby Cross,rb,
Porn Star Abby Cross signed XXX 8x10 Photo -PROOF- -CERTIFICATE- (A0011),GiselleP1302018xY0011,17.95,0,https://theautographbank.com/wp-content/uploads/2018/01/Giselle-Palmer-1-14-2018_0011.jpg|https://theautographbank.com/wp-content/uploads/2018/01/Giselle-Palmer-Proof.jpg,,3,Abby Cross,r,
Porn Star Abby Cross signed XXX 8x10 Photo -PROOF- -CERTIFICATE- (A0017),GiselleP1302018xY0017,17.95,0,https://theautographbank.com/wp-content/uploads/2018/01/Giselle-Palmer-1-14-2018_0017.jpg|https://theautographbank.com/wp-content/uploads/2018/01/Giselle-Palmer-Proof.jpg,,4,Abby Cross,tsr,
Porn Star Abby Cross signed XXX 8x10 Photo -PROOF- -CERTIFICATE- (A0018),GiselleP1302018xY0018,17.95,0,https://theautographbank.com/wp-content/uploads/2018/01/Giselle-Palmer-1-14-2018_0018.jpg|https://theautographbank.com/wp-content/uploads/2018/01/Giselle-Palmer-Proof.jpg,,5,Abby Cross,tsr,
Porn Star Steve steve signed XXX 8x10 Photo -PROOF- -CERTIFICATE- (A0019),GiselleP1302018xY0019,17.95,0,https://theautographbank.com/wp-content/uploads/2018/01/Giselle-Palmer-1-14-2018_0019.jpg|https://theautographbank.com/wp-content/uploads/2018/01/Giselle-Palmer-Proof.jpg,,20441,steve stev,tsr,
Porn Star Steve steve signed XXX 8x10 Photo -PROOF- -CERTIFICATE- (A0019),GiselleP1302018xY0021,17.95,0,https://theautographbank.com/wp-content/uploads/2018/01/Giselle-Palmer-1-14-2018_0021.jpg|https://theautographbank.com/wp-content/uploads/2018/01/Giselle-Palmer-Proof.jpg,,20441,steve stev,tsr,
Porn Star Steve steve signed XXX 8x10 Photo -PROOF- -CERTIFICATE- (A0019),GiselleP1302018xY0022,17.95,0,https://theautographbank.com/wp-content/uploads/2018/01/Giselle-Palmer-1-14-2018_0022.jpg|https://theautographbank.com/wp-content/uploads/2018/01/Giselle-Palmer-Proof.jpg,,20441,steve stev,tsr,
Porn Star Steve steve signed XXX 8x10 Photo -PROOF- -CERTIFICATE- (A0019),GiselleP1302018xY0025,17.95,0,https://theautographbank.com/wp-content/uploads/2018/01/Giselle-Palmer-1-14-2018_0025.jpg|https://theautographbank.com/wp-content/uploads/2018/01/Giselle-Palmer-Proof.jpg,,20441,steve stev,tsr,
Porn Star Steve steve signed XXX 8x10 Photo -PROOF- -CERTIFICATE- (A0019),GiselleP1302018xY0026,17.95,0,https://theautographbank.com/wp-content/uploads/2018/01/Giselle-Palmer-1-14-2018_0026.jpg|https://theautographbank.com/wp-content/uploads/2018/01/Giselle-Palmer-Proof.jpg,,20441,steve stev,tsr,
Porn Star Steve steve signed XXX 8x10 Photo -PROOF- -CERTIFICATE- (A0019),GiselleP1302018xY0031,17.95,0,https://theautographbank.com/wp-content/uploads/2018/01/Giselle-Palmer-1-14-2018_0031.jpg|https://theautographbank.com/wp-content/uploads/2018/01/Giselle-Palmer-Proof.jpg,,20441,steve stev,tsr,
