Adriana Chechik signed model 8x10 Photo -PROOF- -CERTIFICATE- (A1083),AdrianaC108327022023r,29.95,1,,24,106,r
Adriana Chechik signed model 8x10 Photo -PROOF- -CERTIFICATE- (A1084),AdrianaC108427022023r,29.95,1,,24,106,r
Adriana Chechik signed model 8x10 Photo -PROOF- -CERTIFICATE- (A1085),AdrianaC108527022023r,29.95,1,,24,106,r
Adriana Chechik signed model 8x10 Photo -PROOF- -CERTIFICATE- (A1086),AdrianaC108627022023r,29.95,1,,24,106,r
Adriana Chechik signed model 8x10 Photo -PROOF- -CERTIFICATE- (A1087),AdrianaC108727022023r,29.95,1,,24,106,r
Adriana Chechik signed model 8x10 Photo -PROOF- -CERTIFICATE- (A1088),AdrianaC108827022023r,29.95,1,,24,106,r
Adriana Chechik signed model 8x10 Photo -PROOF- -CERTIFICATE- (A1089),AdrianaC108927022023r,29.95,1,,24,106,r
Adriana Chechik signed model 8x10 Photo -PROOF- -CERTIFICATE- (A1090),AdrianaC109027022023r,29.95,1,,24,106,r
Adriana Chechik signed model 8x10 Photo -PROOF- -CERTIFICATE- (A1091),AdrianaC109127022023r,29.95,1,,8,106,r
Adriana Chechik signed model 8x10 Photo -PROOF- -CERTIFICATE- (A1092),AdrianaC109227022023r,29.95,1,,,106,r
Adriana Chechik signed model 8x10 Photo -PROOF- -CERTIFICATE- (A1093),AdrianaC109327022023r,29.95,1,,,106,r
Adriana Chechik signed model 8x10 Photo -PROOF- -CERTIFICATE- (A1094),AdrianaC109427022023r,29.95,1,,,106,r
Adriana Chechik signed model 8x10 Photo -PROOF- -CERTIFICATE- (A1095),AdrianaC109527022023r,29.95,1,,,106,r
Adriana Chechik signed model 8x10 Photo -PROOF- -CERTIFICATE- (A1096),AdrianaC109627022023r,29.95,1,,,106,r
Adriana Chechik signed model 8x10 Photo -PROOF- -CERTIFICATE- (A1097),AdrianaC109727022023r,29.95,1,,,106,r
Adriana Chechik signed model 8x10 Photo -PROOF- -CERTIFICATE- (A1098),AdrianaC109827022023r,29.95,1,,,106,r
Adriana Chechik signed model 8x10 Photo -PROOF- -CERTIFICATE- (A1102),AdrianaC110227022023r,29.95,1,,,106,r
Aften Opal signed model 8x10 Photo -PROOF- -CERTIFICATE- (A1160),AftenO116027022023r,29.95,1,,24,85,r
Aften Opal signed model 8x10 Photo -PROOF- -CERTIFICATE- (A1162),AftenO116227022023r,29.95,1,,24,85,r
Aften Opal signed model 8x10 Photo -PROOF- -CERTIFICATE- (A1163),AftenO116327022023r,29.95,1,,8,85,r
Aften Opal signed model 8x10 Photo -PROOF- -CERTIFICATE- (A1164),AftenO116427022023r,29.95,1,,,85,r
Aften Opal signed model 8x10 Photo -PROOF- -CERTIFICATE- (A1165),AftenO116527022023r,29.95,1,,,85,r
Aiden Ashley signed model 8x10 Photo -PROOF- -CERTIFICATE- (A1171),AidenA117127022023r,29.95,1,,24,75,r
Aiden Ashley signed model 8x10 Photo -PROOF- -CERTIFICATE- (A1180),AidenA118027022023r,29.95,1,,24,75,r
Aiden Ashley signed model 8x10 Photo -PROOF- -CERTIFICATE- (A1183),AidenA118327022023r,29.95,1,,24,75,r
Aiden Ashley signed model 8x10 Photo -PROOF- -CERTIFICATE- (A1185),AidenA118527022023r,29.95,1,,24,75,r
Aiden Ashley signed model 8x10 Photo -PROOF- -CERTIFICATE- (A1194),AidenA119427022023r,29.95,1,,24,75,r
Aiden Ashley signed model 8x10 Photo -PROOF- -CERTIFICATE- (A1197),AidenA119727022023r,29.95,1,,24,75,r
Aiden Ashley signed model 8x10 Photo -PROOF- -CERTIFICATE- (A1198),AidenA119827022023r,29.95,1,,8,75,r
Aiden Ashley signed model 8x10 Photo -PROOF- -CERTIFICATE- (A1201),AidenA120127022023r,29.95,1,,,75,r
Aiden Ashley signed model 8x10 Photo -PROOF- -CERTIFICATE- (A1205),AidenA120527022023r,29.95,1,,,75,r
Aiden Ashley signed model 8x10 Photo -PROOF- -CERTIFICATE- (A1206),AidenA120627022023r,29.95,1,,,75,r
Aiden Ashley signed model 8x10 Photo -PROOF- -CERTIFICATE- (A1209),AidenA120927022023r,29.95,1,,,75,r
Aiden Ashley signed model 8x10 Photo -PROOF- -CERTIFICATE- (A1221),AidenA122127022023r,29.95,1,,,75,r
Aiden Ashley signed model 8x10 Photo -PROOF- -CERTIFICATE- (A1226),AidenA122627022023r,29.95,1,,,75,r
Aidra Fox signed model 8x10 Photo -PROOF- -CERTIFICATE- (A1248),AidraF124827022023r,29.95,1,,24,4,r
Aidra Fox signed model 8x10 Photo -PROOF- -CERTIFICATE- (A1250),AidraF125027022023r,29.95,1,,24,4,r
Aidra Fox signed model 8x10 Photo -PROOF- -CERTIFICATE- (A1252),AidraF125227022023r,29.95,1,,24,4,r
Aidra Fox signed model 8x10 Photo -PROOF- -CERTIFICATE- (A1258),AidraF125827022023r,29.95,1,,24,4,r
Aidra Fox signed model 8x10 Photo -PROOF- -CERTIFICATE- (A1259),AidraF125927022023r,29.95,1,,24,4,r
Aidra Fox signed model 8x10 Photo -PROOF- -CERTIFICATE- (A1260),AidraF126027022023r,29.95,1,,24,4,r
Aidra Fox signed model 8x10 Photo -PROOF- -CERTIFICATE- (A1263),AidraF126327022023r,29.95,1,,24,4,r
Aidra Fox signed model 8x10 Photo -PROOF- -CERTIFICATE- (A1268),AidraF126827022023r,29.95,1,,24,4,r
Aidra Fox signed model 8x10 Photo -PROOF- -CERTIFICATE- (A1286),AidraF128627022023r,29.95,1,,24,4,r
Aidra Fox signed model 8x10 Photo -PROOF- -CERTIFICATE- (A1296),AidraF129627022023r,29.95,1,,24,4,r
Aidra Fox signed model 8x10 Photo -PROOF- -CERTIFICATE- (A1297),AidraF129727022023r,29.95,1,,24,4,r
Aidra Fox signed model 8x10 Photo -PROOF- -CERTIFICATE- (A1298),AidraF129827022023r,29.95,1,,24,4,r
Aidra Fox signed model 8x10 Photo -PROOF- -CERTIFICATE- (A1305),AidraF130527022023r,29.95,1,,8,4,r
Aidra Fox signed model 8x10 Photo -PROOF- -CERTIFICATE- (A1306),AidraF130627022023r,29.95,1,,,4,r
Aidra Fox signed model 8x10 Photo -PROOF- -CERTIFICATE- (A1307),AidraF130727022023r,29.95,1,,,4,r
Aidra Fox signed model 8x10 Photo -PROOF- -CERTIFICATE- (A1314),AidraF131427022023r,29.95,1,,,4,r
Aidra Fox signed model 8x10 Photo -PROOF- -CERTIFICATE- (A1316),AidraF131627022023r,29.95,1,,,4,r
Aidra Fox signed model 8x10 Photo -PROOF- -CERTIFICATE- (A1323),AidraF132327022023r,29.95,1,,,4,r
Aidra Fox signed model 8x10 Photo -PROOF- -CERTIFICATE- (A1324),AidraF132427022023r,29.95,1,,,4,r
Aidra Fox signed model 8x10 Photo -PROOF- -CERTIFICATE- (A1325),AidraF132527022023r,29.95,1,,,4,r
Aidra Fox signed model 8x10 Photo -PROOF- -CERTIFICATE- (A1326),AidraF132627022023r,29.95,1,,,4,r
Aidra Fox signed model 8x10 Photo -PROOF- -CERTIFICATE- (A1328),AidraF132827022023r,29.95,1,,,4,r
Aidra Fox signed model 8x10 Photo -PROOF- -CERTIFICATE- (A1329),AidraF132927022023r,29.95,1,,,4,r
Aidra Fox signed model 8x10 Photo -PROOF- -CERTIFICATE- (A1337),AidraF133727022023r,29.95,1,,,4,r
Aidra Fox signed model 8x10 Photo -PROOF- -CERTIFICATE- (A1343),AidraF134327022023r,29.95,1,,,4,r
Angel Dark signed model 8x10 Photo -PROOF- -CERTIFICATE- (A1853),AngelD185327022023r,29.95,1,,24,57,r
Angel Dark signed model 8x10 Photo -PROOF- -CERTIFICATE- (A1854),AngelD185427022023r,29.95,1,,24,57,r
Angel Dark signed model 8x10 Photo -PROOF- -CERTIFICATE- (A1862),AngelD186227022023r,29.95,1,,24,57,r
Angel Dark signed model 8x10 Photo -PROOF- -CERTIFICATE- (A1863),AngelD186327022023r,29.95,1,,24,57,r
Angel Dark signed model 8x10 Photo -PROOF- -CERTIFICATE- (A1864),AngelD186427022023r,29.95,1,,24,57,r
Angel Dark signed model 8x10 Photo -PROOF- -CERTIFICATE- (A1865),AngelD186527022023r,29.95,1,,24,57,r
Angel Dark signed model 8x10 Photo -PROOF- -CERTIFICATE- (A1857),AngelD185727022023r,29.95,1,,24,57,r
Angel Dark signed model 8x10 Photo -PROOF- -CERTIFICATE- (A1867),AngelD186727022023r,29.95,1,,24,57,r
Angel Dark signed model 8x10 Photo -PROOF- -CERTIFICATE- (A1869),AngelD186927022023r,29.95,1,,24,57,r
Angel Dark signed model 8x10 Photo -PROOF- -CERTIFICATE- (A1873),AngelD187327022023r,29.95,1,,24,57,r
Angel Dark signed model 8x10 Photo -PROOF- -CERTIFICATE- (A1875),AngelD187527022023r,29.95,1,,24,57,r
Angel Dark signed model 8x10 Photo -PROOF- -CERTIFICATE- (A1876),AngelD187627022023r,29.95,1,,24,57,r
Angel Dark signed model 8x10 Photo -PROOF- -CERTIFICATE- (A1877),AngelD187727022023r,29.95,1,,24,57,r
Angel Dark signed model 8x10 Photo -PROOF- -CERTIFICATE- (A1881),AngelD188127022023r,29.95,1,,24,57,r
Angel Dark signed model 8x10 Photo -PROOF- -CERTIFICATE- (A1885),AngelD188527022023r,29.95,1,,8,57,r
Angel Dark signed model 8x10 Photo -PROOF- -CERTIFICATE- (A1886),AngelD188627022023r,29.95,1,,,57,r
Angel Dark signed model 8x10 Photo -PROOF- -CERTIFICATE- (A1888),AngelD188827022023r,29.95,1,,,57,r
Angel Dark signed model 8x10 Photo -PROOF- -CERTIFICATE- (A1889),AngelD188927022023r,29.95,1,,,57,r
Angel Dark signed model 8x10 Photo -PROOF- -CERTIFICATE- (A1891),AngelD189127022023r,29.95,1,,,57,r
Angel Dark signed model 8x10 Photo -PROOF- -CERTIFICATE- (A1894),AngelD189427022023r,29.95,1,,,57,r
Angel Dark signed model 8x10 Photo -PROOF- -CERTIFICATE- (A1897),AngelD189727022023r,29.95,1,,,57,r
Angel Dark signed model 8x10 Photo -PROOF- -CERTIFICATE- (A1898),AngelD189827022023r,29.95,1,,,57,r
Angel Dark signed model 8x10 Photo -PROOF- -CERTIFICATE- (A1899),AngelD189927022023r,29.95,1,,,57,r
Angel Dark signed model 8x10 Photo -PROOF- -CERTIFICATE- (A1901),AngelD190127022023r,29.95,1,,,57,r
Angel Dark signed model 8x10 Photo -PROOF- -CERTIFICATE- (A1903),AngelD190327022023r,29.95,1,,,57,r
Angel Dark signed model 8x10 Photo -PROOF- -CERTIFICATE- (A1904),AngelD190427022023r,29.95,1,,,57,r
Angel Dark signed model 8x10 Photo -PROOF- -CERTIFICATE- (A1906),AngelD190627022023r,29.95,1,,,57,r
Angel Dark signed model 8x10 Photo -PROOF- -CERTIFICATE- (A1913),AngelD191327022023r,29.95,1,,,57,r
Angel Dark signed model 8x10 Photo -PROOF- -CERTIFICATE- (A1916),AngelD191627022023r,29.95,1,,,57,r
Angel Dark signed model 8x10 Photo -PROOF- -CERTIFICATE- (A1917),AngelD191727022023r,29.95,1,,,57,r
Angel Youngs signed model 8x10 Photo -PROOF- -CERTIFICATE- (A1943),AngelY194327022023r,29.95,1,,24,70,r
Angel Youngs signed model 8x10 Photo -PROOF- -CERTIFICATE- (A1946),AngelY194627022023r,29.95,1,,24,70,r
Angel Youngs signed model 8x10 Photo -PROOF- -CERTIFICATE- (A1949),AngelY194927022023r,29.95,1,,24,70,r
Angel Youngs signed model 8x10 Photo -PROOF- -CERTIFICATE- (A1950),AngelY195027022023r,29.95,1,,8,70,r
Angel Youngs signed model 8x10 Photo -PROOF- -CERTIFICATE- (A1951),AngelY195127022023r,29.95,1,,,70,r
Angel Youngs signed model 8x10 Photo -PROOF- -CERTIFICATE- (A1961),AngelY196127022023r,29.95,1,,,70,r
Angel Youngs signed model 8x10 Photo -PROOF- -CERTIFICATE- (A1967),AngelY196727022023r,29.95,1,,,70,r
Angel Youngs signed model 8x10 Photo -PROOF- -CERTIFICATE- (A1968),AngelY196827022023r,29.95,1,,,70,r
Annabel Redd signed model 8x10 Photo -PROOF- -CERTIFICATE- (A2182),AnnabelR218227022023r,29.95,1,,24,83,r
Annabel Redd signed model 8x10 Photo -PROOF- -CERTIFICATE- (A2189),AnnabelR218927022023r,29.95,1,,24,83,r
Annabel Redd signed model 8x10 Photo -PROOF- -CERTIFICATE- (A2192),AnnabelR219227022023r,29.95,1,,8,83,r
Annabel Redd signed model 8x10 Photo -PROOF- -CERTIFICATE- (A2205),AnnabelR220527022023r,29.95,1,,,83,r
Annabel Redd signed model 8x10 Photo -PROOF- -CERTIFICATE- (A2211),AnnabelR221127022023r,29.95,1,,,83,r
Annabel Redd signed model 8x10 Photo -PROOF- -CERTIFICATE- (A2219),AnnabelR221927022023r,29.95,1,,,83,r
Aria Khaide signed model 8x10 Photo -PROOF- -CERTIFICATE- (A2236),AriaK223627022023r,29.95,1,,24,86,r
Aria Khaide signed model 8x10 Photo -PROOF- -CERTIFICATE- (A2238),AriaK223827022023r,29.95,1,,24,86,r
Aria Khaide signed model 8x10 Photo -PROOF- -CERTIFICATE- (A2243),AriaK224327022023r,29.95,1,,8,86,r
Aria Khaide signed model 8x10 Photo -PROOF- -CERTIFICATE- (A2244),AriaK224427022023r,29.95,1,,,86,r
Aria Khaide signed model 8x10 Photo -PROOF- -CERTIFICATE- (A2245),AriaK224527022023r,29.95,1,,,86,r
Aria Khaide signed model 8x10 Photo -PROOF- -CERTIFICATE- (A2246),AriaK224627022023r,29.95,1,,,86,r
Asa Akira signed model 8x10 Photo -PROOF- -CERTIFICATE- (A2273),AsaA227327022023r,29.95,1,,24,69,r
Asa Akira signed model 8x10 Photo -PROOF- -CERTIFICATE- (A2303),AsaA230327022023r,29.95,1,,24,69,r
Asa Akira signed model 8x10 Photo -PROOF- -CERTIFICATE- (A2351),AsaA235127022023r,29.95,1,,24,69,r
Asa Akira signed model 8x10 Photo -PROOF- -CERTIFICATE- (A2361),AsaA236127022023r,29.95,1,,24,69,r
Asa Akira signed model 8x10 Photo -PROOF- -CERTIFICATE- (A2380),AsaA238027022023r,29.95,1,,24,69,r
Asa Akira signed model 8x10 Photo -PROOF- -CERTIFICATE- (A2381),AsaA238127022023r,29.95,1,,24,69,r
Asa Akira signed model 8x10 Photo -PROOF- -CERTIFICATE- (A2382),AsaA238227022023r,29.95,1,,24,69,r
Asa Akira signed model 8x10 Photo -PROOF- -CERTIFICATE- (A2383),AsaA238327022023r,29.95,1,,24,69,r
Asa Akira signed model 8x10 Photo -PROOF- -CERTIFICATE- (A2384),AsaA238427022023r,29.95,1,,24,69,r
Asa Akira signed model 8x10 Photo -PROOF- -CERTIFICATE- (A2385),AsaA238527022023r,29.95,1,,24,69,r
Asa Akira signed model 8x10 Photo -PROOF- -CERTIFICATE- (A2386),AsaA238627022023r,29.95,1,,24,69,r
Asa Akira signed model 8x10 Photo -PROOF- -CERTIFICATE- (A2387),AsaA238727022023r,29.95,1,,24,69,r
Asa Akira signed model 8x10 Photo -PROOF- -CERTIFICATE- (A2388),AsaA238827022023r,29.95,1,,24,69,r
Asa Akira signed model 8x10 Photo -PROOF- -CERTIFICATE- (A2389),AsaA238927022023r,29.95,1,,24,69,r
Asa Akira signed model 8x10 Photo -PROOF- -CERTIFICATE- (A2391),AsaA239127022023r,29.95,1,,24,69,r
Asa Akira signed model 8x10 Photo -PROOF- -CERTIFICATE- (A2392),AsaA239227022023r,29.95,1,,24,69,r
Asa Akira signed model 8x10 Photo -PROOF- -CERTIFICATE- (A2393),AsaA239327022023r,29.95,1,,24,69,r
Asa Akira signed model 8x10 Photo -PROOF- -CERTIFICATE- (A2394),AsaA239427022023r,29.95,1,,24,69,r
Asa Akira signed model 8x10 Photo -PROOF- -CERTIFICATE- (A2395),AsaA239527022023r,29.95,1,,24,69,r
Asa Akira signed model 8x10 Photo -PROOF- -CERTIFICATE- (A2396),AsaA239627022023r,29.95,1,,24,69,r
Asa Akira signed model 8x10 Photo -PROOF- -CERTIFICATE- (A2397),AsaA239727022023r,29.95,1,,24,69,r
Asa Akira signed model 8x10 Photo -PROOF- -CERTIFICATE- (A2398),AsaA239827022023r,29.95,1,,24,69,r
Asa Akira signed model 8x10 Photo -PROOF- -CERTIFICATE- (A2399),AsaA239927022023r,29.95,1,,24,69,r
Asa Akira signed model 8x10 Photo -PROOF- -CERTIFICATE- (A2400),AsaA240027022023r,29.95,1,,8,69,r
Asa Akira signed model 8x10 Photo -PROOF- -CERTIFICATE- (A2401),AsaA240127022023r,29.95,1,,,69,r
Asa Akira signed model 8x10 Photo -PROOF- -CERTIFICATE- (A2402),AsaA240227022023r,29.95,1,,,69,r
Asa Akira signed model 8x10 Photo -PROOF- -CERTIFICATE- (A2403),AsaA240327022023r,29.95,1,,,69,r
Asa Akira signed model 8x10 Photo -PROOF- -CERTIFICATE- (A2404),AsaA240427022023r,29.95,1,,,69,r
Asa Akira signed model 8x10 Photo -PROOF- -CERTIFICATE- (A2405),AsaA240527022023r,29.95,1,,,69,r
Asa Akira signed model 8x10 Photo -PROOF- -CERTIFICATE- (A2406),AsaA240627022023r,29.95,1,,,69,r
Asa Akira signed model 8x10 Photo -PROOF- -CERTIFICATE- (A2407),AsaA240727022023r,29.95,1,,,69,r
Asa Akira signed model 8x10 Photo -PROOF- -CERTIFICATE- (A2408),AsaA240827022023r,29.95,1,,,69,r
Asa Akira signed model 8x10 Photo -PROOF- -CERTIFICATE- (A2409),AsaA240927022023r,29.95,1,,,69,r
Asa Akira signed model 8x10 Photo -PROOF- -CERTIFICATE- (A2410),AsaA241027022023r,29.95,1,,,69,r
Asa Akira signed model 8x10 Photo -PROOF- -CERTIFICATE- (A2411),AsaA241127022023r,29.95,1,,,69,r
Asa Akira signed model 8x10 Photo -PROOF- -CERTIFICATE- (A2412),AsaA241227022023r,29.95,1,,,69,r
Asa Akira signed model 8x10 Photo -PROOF- -CERTIFICATE- (A2414),AsaA241427022023r,29.95,1,,,69,r
Asa Akira signed model 8x10 Photo -PROOF- -CERTIFICATE- (A2415),AsaA241527022023r,29.95,1,,,69,r
Asa Akira signed model 8x10 Photo -PROOF- -CERTIFICATE- (A2416),AsaA241627022023r,29.95,1,,,69,r
Asa Akira signed model 8x10 Photo -PROOF- -CERTIFICATE- (A2417),AsaA241727022023r,29.95,1,,,69,r
Asa Akira signed model 8x10 Photo -PROOF- -CERTIFICATE- (A2418),AsaA241827022023r,29.95,1,,,69,r
Asa Akira signed model 8x10 Photo -PROOF- -CERTIFICATE- (A2419),AsaA241927022023r,29.95,1,,,69,r
Asa Akira signed model 8x10 Photo -PROOF- -CERTIFICATE- (A2420),AsaA242027022023r,29.95,1,,,69,r
Asa Akira signed model 8x10 Photo -PROOF- -CERTIFICATE- (A2421),AsaA242127022023r,29.95,1,,,69,r
Asa Akira signed model 8x10 Photo -PROOF- -CERTIFICATE- (A2422),AsaA242227022023r,29.95,1,,,69,r
Asa Akira signed model 8x10 Photo -PROOF- -CERTIFICATE- (A2424),AsaA242427022023r,29.95,1,,,69,r
Asa Akira signed model 8x10 Photo -PROOF- -CERTIFICATE- (A2446),AsaA244627022023r,29.95,1,,,69,r
Asa Akira signed model 8x10 Photo -PROOF- -CERTIFICATE- (A2480),AsaA248027022023r,29.95,1,,,69,r
Ashlynn Taylor signed model 8x10 Photo -PROOF- -CERTIFICATE- (A2598),AshlynnT259827022023r,29.95,1,,24,72,r
Ashlynn Taylor signed model 8x10 Photo -PROOF- -CERTIFICATE- (A2602),AshlynnT260227022023r,29.95,1,,8,72,r
Brooke Haven signed model 8x10 Photo -PROOF- -CERTIFICATE- (A2623),BrookeH262327022023r,29.95,1,,24,46,r
Brooke Haven signed model 8x10 Photo -PROOF- -CERTIFICATE- (A2633),BrookeH263327022023r,29.95,1,,24,46,r
Brooke Haven signed model 8x10 Photo -PROOF- -CERTIFICATE- (A2634),BrookeH263427022023r,29.95,1,,24,46,r
Brooke Haven signed model 8x10 Photo -PROOF- -CERTIFICATE- (A2635),BrookeH263527022023r,29.95,1,,24,46,r
Brooke Haven signed model 8x10 Photo -PROOF- -CERTIFICATE- (A2636),BrookeH263627022023r,29.95,1,,24,46,r
Brooke Haven signed model 8x10 Photo -PROOF- -CERTIFICATE- (A2637),BrookeH263727022023r,29.95,1,,8,46,r
Brooke Haven signed model 8x10 Photo -PROOF- -CERTIFICATE- (A2638),BrookeH263827022023r,29.95,1,,,46,r
Brooke Haven signed model 8x10 Photo -PROOF- -CERTIFICATE- (A2639),BrookeH263927022023r,29.95,1,,,46,r
Brooke Haven signed model 8x10 Photo -PROOF- -CERTIFICATE- (A2640),BrookeH264027022023r,29.95,1,,,46,r
Brooke Haven signed model 8x10 Photo -PROOF- -CERTIFICATE- (A2641),BrookeH264127022023r,29.95,1,,,46,r
Brooke Haven signed model 8x10 Photo -PROOF- -CERTIFICATE- (A2642),BrookeH264227022023r,29.95,1,,,46,r
Cade Maddox signed model 8x10 Photo -PROOF- -CERTIFICATE- (A2673),CadeM267327022023r,29.95,1,,24,65,r
Cade Maddox signed model 8x10 Photo -PROOF- -CERTIFICATE- (A2675),CadeM267527022023r,29.95,1,,8,65,r
Cade Maddox signed model 8x10 Photo -PROOF- -CERTIFICATE- (A2677),CadeM267727022023r,29.95,1,,,65,r
Cade Maddox signed model 8x10 Photo -PROOF- -CERTIFICATE- (A2678),CadeM267827022023r,29.95,1,,,65,r
Caitlin Belle signed model 8x10 Photo -PROOF- -CERTIFICATE- (A2684),CaitlinB268427022023r,29.95,1,,24,84,r
Caitlin Belle signed model 8x10 Photo -PROOF- -CERTIFICATE- (A2696),CaitlinB269627022023r,29.95,1,,24,84,r
Caitlin Belle signed model 8x10 Photo -PROOF- -CERTIFICATE- (A2697),CaitlinB269727022023r,29.95,1,,24,84,r
Caitlin Belle signed model 8x10 Photo -PROOF- -CERTIFICATE- (A2699),CaitlinB269927022023r,29.95,1,,24,84,r
Caitlin Belle signed model 8x10 Photo -PROOF- -CERTIFICATE- (A2701),CaitlinB270127022023r,29.95,1,,8,84,r
Caitlin Belle signed model 8x10 Photo -PROOF- -CERTIFICATE- (A2702),CaitlinB270227022023r,29.95,1,,,84,r
Caitlin Belle signed model 8x10 Photo -PROOF- -CERTIFICATE- (A2703),CaitlinB270327022023r,29.95,1,,,84,r
Caitlin Belle signed model 8x10 Photo -PROOF- -CERTIFICATE- (A2704),CaitlinB270427022023r,29.95,1,,,84,r
Caitlin Belle signed model 8x10 Photo -PROOF- -CERTIFICATE- (A2705),CaitlinB270527022023r,29.95,1,,,84,r
Caitlin Belle signed model 8x10 Photo -PROOF- -CERTIFICATE- (A2718),CaitlinB271827022023r,29.95,1,,,84,r
Cali Caliente signed model 8x10 Photo -PROOF- -CERTIFICATE- (A2768),CaliC276827022023r,29.95,1,,24,68,r
Cali Caliente signed model 8x10 Photo -PROOF- -CERTIFICATE- (A2769),CaliC276927022023r,29.95,1,,8,68,r
Carolina Cortez signed model 8x10 Photo -PROOF- -CERTIFICATE- (A2801),CarolinaC280127022023r,29.95,1,,24,71,r
Carolina Cortez signed model 8x10 Photo -PROOF- -CERTIFICATE- (A2804),CarolinaC280427022023r,29.95,1,,24,71,r
Carolina Cortez signed model 8x10 Photo -PROOF- -CERTIFICATE- (A2805),CarolinaC280527022023r,29.95,1,,24,71,r
Carolina Cortez signed model 8x10 Photo -PROOF- -CERTIFICATE- (A2810),CarolinaC281027022023r,29.95,1,,24,71,r
Carolina Cortez signed model 8x10 Photo -PROOF- -CERTIFICATE- (A2811),CarolinaC281127022023r,29.95,1,,24,71,r
Carolina Cortez signed model 8x10 Photo -PROOF- -CERTIFICATE- (A2815),CarolinaC281527022023r,29.95,1,,8,71,r
Carolina Cortez signed model 8x10 Photo -PROOF- -CERTIFICATE- (A2817),CarolinaC281727022023r,29.95,1,,,71,r
Carolina Cortez signed model 8x10 Photo -PROOF- -CERTIFICATE- (A2820),CarolinaC282027022023r,29.95,1,,,71,r
Carolina Cortez signed model 8x10 Photo -PROOF- -CERTIFICATE- (A2828),CarolinaC282827022023r,29.95,1,,,71,r
Carolina Cortez signed model 8x10 Photo -PROOF- -CERTIFICATE- (A2830),CarolinaC283027022023r,29.95,1,,,71,r
Carolina Cortez signed model 8x10 Photo -PROOF- -CERTIFICATE- (A2840),CarolinaC284027022023r,29.95,1,,,71,r
Casca Akashova signed model 8x10 Photo -PROOF- -CERTIFICATE- (A2875),CascaA287527022023r,29.95,1,,24,6,r
Casca Akashova signed model 8x10 Photo -PROOF- -CERTIFICATE- (A2876),CascaA287627022023r,29.95,1,,24,6,r
Casca Akashova signed model 8x10 Photo -PROOF- -CERTIFICATE- (A2878),CascaA287827022023r,29.95,1,,24,6,r
Casca Akashova signed model 8x10 Photo -PROOF- -CERTIFICATE- (A2887),CascaA288727022023r,29.95,1,,24,6,r
Casca Akashova signed model 8x10 Photo -PROOF- -CERTIFICATE- (A2888),CascaA288827022023r,29.95,1,,24,6,r
Casca Akashova signed model 8x10 Photo -PROOF- -CERTIFICATE- (A2890),CascaA289027022023r,29.95,1,,24,6,r
Casca Akashova signed model 8x10 Photo -PROOF- -CERTIFICATE- (A2894),CascaA289427022023r,29.95,1,,24,6,r
Casca Akashova signed model 8x10 Photo -PROOF- -CERTIFICATE- (A2896),CascaA289627022023r,29.95,1,,24,6,r
Casca Akashova signed model 8x10 Photo -PROOF- -CERTIFICATE- (A2897),CascaA289727022023r,29.95,1,,8,6,r
Casca Akashova signed model 8x10 Photo -PROOF- -CERTIFICATE- (A2898),CascaA289827022023r,29.95,1,,,6,r
Casca Akashova signed model 8x10 Photo -PROOF- -CERTIFICATE- (A2904),CascaA290427022023r,29.95,1,,,6,r
Casca Akashova signed model 8x10 Photo -PROOF- -CERTIFICATE- (A2906),CascaA290627022023r,29.95,1,,,6,r
Casca Akashova signed model 8x10 Photo -PROOF- -CERTIFICATE- (A2908),CascaA290827022023r,29.95,1,,,6,r
Casca Akashova signed model 8x10 Photo -PROOF- -CERTIFICATE- (A2909),CascaA290927022023r,29.95,1,,,6,r
Casca Akashova signed model 8x10 Photo -PROOF- -CERTIFICATE- (A2910),CascaA291027022023r,29.95,1,,,6,r
Casca Akashova signed model 8x10 Photo -PROOF- -CERTIFICATE- (A2912),CascaA291227022023r,29.95,1,,,6,r
Casca Akashova signed model 8x10 Photo -PROOF- -CERTIFICATE- (A2916),CascaA291627022023r,29.95,1,,,6,r
Casca Akashova signed model 8x10 Photo -PROOF- -CERTIFICATE- (A2918),CascaA291827022023r,29.95,1,,,6,r
Casey Calvert signed model 8x10 Photo -PROOF- -CERTIFICATE- (A2926),CaseyC292627022023r,29.95,1,,24,112,r
Casey Calvert signed model 8x10 Photo -PROOF- -CERTIFICATE- (A2927),CaseyC292727022023r,29.95,1,,24,112,r
Casey Calvert signed model 8x10 Photo -PROOF- -CERTIFICATE- (A2928),CaseyC292827022023r,29.95,1,,24,112,r
Casey Calvert signed model 8x10 Photo -PROOF- -CERTIFICATE- (A2929),CaseyC292927022023r,29.95,1,,24,112,r
Casey Calvert signed model 8x10 Photo -PROOF- -CERTIFICATE- (A2930),CaseyC293027022023r,29.95,1,,24,112,r
Casey Calvert signed model 8x10 Photo -PROOF- -CERTIFICATE- (A2932),CaseyC293227022023r,29.95,1,,24,112,r
Casey Calvert signed model 8x10 Photo -PROOF- -CERTIFICATE- (A2934),CaseyC293427022023r,29.95,1,,24,112,r
Casey Calvert signed model 8x10 Photo -PROOF- -CERTIFICATE- (A2935),CaseyC293527022023r,29.95,1,,24,112,r
Casey Calvert signed model 8x10 Photo -PROOF- -CERTIFICATE- (A2936),CaseyC293627022023r,29.95,1,,24,112,r
Casey Calvert signed model 8x10 Photo -PROOF- -CERTIFICATE- (A2937),CaseyC293727022023r,29.95,1,,8,112,r
Casey Calvert signed model 8x10 Photo -PROOF- -CERTIFICATE- (A2938),CaseyC293827022023r,29.95,1,,,112,r
Casey Calvert signed model 8x10 Photo -PROOF- -CERTIFICATE- (A2939),CaseyC293927022023r,29.95,1,,,112,r
Casey Calvert signed model 8x10 Photo -PROOF- -CERTIFICATE- (A2940),CaseyC294027022023r,29.95,1,,,112,r
Casey Calvert signed model 8x10 Photo -PROOF- -CERTIFICATE- (A2958),CaseyC295827022023r,29.95,1,,,112,r
Casey Calvert signed model 8x10 Photo -PROOF- -CERTIFICATE- (A2959),CaseyC295927022023r,29.95,1,,,112,r
Casey Calvert signed model 8x10 Photo -PROOF- -CERTIFICATE- (A2960),CaseyC296027022023r,29.95,1,,,112,r
Casey Calvert signed model 8x10 Photo -PROOF- -CERTIFICATE- (A2977),CaseyC297727022023r,29.95,1,,,112,r
Casey Calvert signed model 8x10 Photo -PROOF- -CERTIFICATE- (A2981),CaseyC298127022023r,29.95,1,,,112,r
Casey Calvert signed model 8x10 Photo -PROOF- -CERTIFICATE- (A2988),CaseyC298827022023r,29.95,1,,,112,r
Casey Calvert signed model 8x10 Photo -PROOF- -CERTIFICATE- (A3006),CaseyC300627022023r,29.95,1,,,112,r
Casey Kisses signed model 8x10 Photo -PROOF- -CERTIFICATE- (A3013),CaseyK301327022023r,29.95,1,,24,60,r
Casey Kisses signed model 8x10 Photo -PROOF- -CERTIFICATE- (A3015),CaseyK301527022023r,29.95,1,,8,60,r
Channy Crossfire signed model 8x10 Photo -PROOF- -CERTIFICATE- (A3039),ChannyC303927022023r,29.95,1,,24,104,r
Channy Crossfire signed model 8x10 Photo -PROOF- -CERTIFICATE- (A3042),ChannyC304227022023r,29.95,1,,8,104,r
Channy Crossfire signed model 8x10 Photo -PROOF- -CERTIFICATE- (A3045),ChannyC304527022023r,29.95,1,,,104,r
Channy Crossfire signed model 8x10 Photo -PROOF- -CERTIFICATE- (A3049),ChannyC304927022023r,29.95,1,,,104,r
Chantal Danielle signed model 8x10 Photo -PROOF- -CERTIFICATE- (A3050),ChantalD305027022023r,29.95,1,,24,90,r
Chantal Danielle signed model 8x10 Photo -PROOF- -CERTIFICATE- (A3051),ChantalD305127022023r,29.95,1,,8,90,r
Chantal Danielle signed model 8x10 Photo -PROOF- -CERTIFICATE- (A3052),ChantalD305227022023r,29.95,1,,,90,r
Chantal Danielle signed model 8x10 Photo -PROOF- -CERTIFICATE- (A3058),ChantalD305827022023r,29.95,1,,,90,r
Cherie Deville signed model 8x10 Photo -PROOF- -CERTIFICATE- (A3083),CherieD308327022023r,29.95,1,,24,54,r
Cherie Deville signed model 8x10 Photo -PROOF- -CERTIFICATE- (A3084),CherieD308427022023r,29.95,1,,24,54,r
Cherie Deville signed model 8x10 Photo -PROOF- -CERTIFICATE- (A3085),CherieD308527022023r,29.95,1,,24,54,r
Cherie Deville signed model 8x10 Photo -PROOF- -CERTIFICATE- (A3086),CherieD308627022023r,29.95,1,,24,54,r
Cherie Deville signed model 8x10 Photo -PROOF- -CERTIFICATE- (A3087),CherieD308727022023r,29.95,1,,8,54,r
Cherie Deville signed model 8x10 Photo -PROOF- -CERTIFICATE- (A3088),CherieD308827022023r,29.95,1,,,54,r
Cherie Deville signed model 8x10 Photo -PROOF- -CERTIFICATE- (A3093),CherieD309327022023r,29.95,1,,,54,r
Cherie Deville signed model 8x10 Photo -PROOF- -CERTIFICATE- (A3114),CherieD311427022023r,29.95,1,,,54,r
Cherie Deville signed model 8x10 Photo -PROOF- -CERTIFICATE- (A3115),CherieD311527022023r,29.95,1,,,54,r
Dante Colle signed model 8x10 Photo -PROOF- -CERTIFICATE- (A3117),DanteC311727022023r,29.95,1,,24,39,r
Dante Colle signed model 8x10 Photo -PROOF- -CERTIFICATE- (A3140),DanteC314027022023r,29.95,1,,8,39,r
Dante Colle signed model 8x10 Photo -PROOF- -CERTIFICATE- (A3141),DanteC314127022023r,29.95,1,,,39,r
Dante Colle signed model 8x10 Photo -PROOF- -CERTIFICATE- (A3143),DanteC314327022023r,29.95,1,,,39,r
Destiny Cruz signed model 8x10 Photo -PROOF- -CERTIFICATE- (A3159),DestinyC315927022023r,29.95,1,,24,44,r
Destiny Cruz signed model 8x10 Photo -PROOF- -CERTIFICATE- (A3164),DestinyC316427022023r,29.95,1,,24,44,r
Destiny Cruz signed model 8x10 Photo -PROOF- -CERTIFICATE- (A3165),DestinyC316527022023r,29.95,1,,24,44,r
Destiny Cruz signed model 8x10 Photo -PROOF- -CERTIFICATE- (A3167),DestinyC316727022023r,29.95,1,,24,44,r
Destiny Cruz signed model 8x10 Photo -PROOF- -CERTIFICATE- (A3184),DestinyC318427022023r,29.95,1,,24,44,r
Destiny Cruz signed model 8x10 Photo -PROOF- -CERTIFICATE- (A3192),DestinyC319227022023r,29.95,1,,24,44,r
Destiny Cruz signed model 8x10 Photo -PROOF- -CERTIFICATE- (A3196),DestinyC319627022023r,29.95,1,,8,44,r
Destiny Cruz signed model 8x10 Photo -PROOF- -CERTIFICATE- (A3214),DestinyC321427022023r,29.95,1,,,44,r
Destiny Cruz signed model 8x10 Photo -PROOF- -CERTIFICATE- (A3217),DestinyC321727022023r,29.95,1,,,44,r
Destiny Cruz signed model 8x10 Photo -PROOF- -CERTIFICATE- (A3218),DestinyC321827022023r,29.95,1,,,44,r
Destiny Cruz signed model 8x10 Photo -PROOF- -CERTIFICATE- (A3222),DestinyC322227022023r,29.95,1,,,44,r
Destiny Cruz signed model 8x10 Photo -PROOF- -CERTIFICATE- (A3230),DestinyC323027022023r,29.95,1,,,44,r
Destiny Cruz signed model 8x10 Photo -PROOF- -CERTIFICATE- (A3231),DestinyC323127022023r,29.95,1,,,44,r
Destiny Cruz signed model 8x10 Photo -PROOF- -CERTIFICATE- (A3235),DestinyC323527022023r,29.95,1,,,44,r
Ebony Mystique signed model 8x10 Photo -PROOF- -CERTIFICATE- (A3241),EbonyM324127022023r,29.95,1,,24,40,r
Ebony Mystique signed model 8x10 Photo -PROOF- -CERTIFICATE- (A3246),EbonyM324627022023r,29.95,1,,24,40,r
Ebony Mystique signed model 8x10 Photo -PROOF- -CERTIFICATE- (A3248),EbonyM324827022023r,29.95,1,,24,40,r
Ebony Mystique signed model 8x10 Photo -PROOF- -CERTIFICATE- (A3251),EbonyM325127022023r,29.95,1,,24,40,r
Ebony Mystique signed model 8x10 Photo -PROOF- -CERTIFICATE- (A3252),EbonyM325227022023r,29.95,1,,24,40,r
Ebony Mystique signed model 8x10 Photo -PROOF- -CERTIFICATE- (A3254),EbonyM325427022023r,29.95,1,,8,40,r
Ebony Mystique signed model 8x10 Photo -PROOF- -CERTIFICATE- (A3256),EbonyM325627022023r,29.95,1,,,40,r
Ebony Mystique signed model 8x10 Photo -PROOF- -CERTIFICATE- (A3257),EbonyM325727022023r,29.95,1,,,40,r
Ebony Mystique signed model 8x10 Photo -PROOF- -CERTIFICATE- (A3258),EbonyM325827022023r,29.95,1,,,40,r
Ebony Mystique signed model 8x10 Photo -PROOF- -CERTIFICATE- (A3261),EbonyM326127022023r,29.95,1,,,40,r
Ebony Mystique signed model 8x10 Photo -PROOF- -CERTIFICATE- (A3262),EbonyM326227022023r,29.95,1,,,40,r
Electra Rayne signed model 8x10 Photo -PROOF- -CERTIFICATE- (A3297),ElectraR329727022023r,29.95,1,,24,98,r
Emily Willis signed model 8x10 Photo -PROOF- -CERTIFICATE- (A3318),EmilyW331827022023r,29.95,1,,24,82,r
Emily Willis signed model 8x10 Photo -PROOF- -CERTIFICATE- (A3319),EmilyW331927022023r,29.95,1,,24,82,r
Emily Willis signed model 8x10 Photo -PROOF- -CERTIFICATE- (A3320),EmilyW332027022023r,29.95,1,,24,82,r
Emily Willis signed model 8x10 Photo -PROOF- -CERTIFICATE- (A3321),EmilyW332127022023r,29.95,1,,24,82,r
Emily Willis signed model 8x10 Photo -PROOF- -CERTIFICATE- (A3322),EmilyW332227022023r,29.95,1,,24,82,r
Emily Willis signed model 8x10 Photo -PROOF- -CERTIFICATE- (A3324),EmilyW332427022023r,29.95,1,,8,82,r
Emily Willis signed model 8x10 Photo -PROOF- -CERTIFICATE- (A3327),EmilyW332727022023r,29.95,1,,,82,r
Emily Willis signed model 8x10 Photo -PROOF- -CERTIFICATE- (A3347),EmilyW334727022023r,29.95,1,,,82,r
Emily Willis signed model 8x10 Photo -PROOF- -CERTIFICATE- (A3358),EmilyW335827022023r,29.95,1,,,82,r
Emily Willis signed model 8x10 Photo -PROOF- -CERTIFICATE- (A3374),EmilyW337427022023r,29.95,1,,,82,r
Emily Willis signed model 8x10 Photo -PROOF- -CERTIFICATE- (A3375),EmilyW337527022023r,29.95,1,,,82,r
Emily Willis signed model 8x10 Photo -PROOF- -CERTIFICATE- (A3376),EmilyW337627022023r,29.95,1,,,82,r
Gianna Dior signed model 8x10 Photo -PROOF- -CERTIFICATE- (A3869),GiannaD386927022023r,29.95,1,,24,80,r
Gianna Dior signed model 8x10 Photo -PROOF- -CERTIFICATE- (A3872),GiannaD387227022023r,29.95,1,,24,80,r
Gianna Dior signed model 8x10 Photo -PROOF- -CERTIFICATE- (A3877),GiannaD387727022023r,29.95,1,,24,80,r
Gianna Dior signed model 8x10 Photo -PROOF- -CERTIFICATE- (A3882),GiannaD388227022023r,29.95,1,,24,80,r
Gianna Dior signed model 8x10 Photo -PROOF- -CERTIFICATE- (A3883),GiannaD388327022023r,29.95,1,,24,80,r
Gianna Dior signed model 8x10 Photo -PROOF- -CERTIFICATE- (A3884),GiannaD388427022023r,29.95,1,,24,80,r
Gianna Dior signed model 8x10 Photo -PROOF- -CERTIFICATE- (A3886),GiannaD388627022023r,29.95,1,,24,80,r
Gianna Dior signed model 8x10 Photo -PROOF- -CERTIFICATE- (A3891),GiannaD389127022023r,29.95,1,,24,80,r
Gianna Dior signed model 8x10 Photo -PROOF- -CERTIFICATE- (A3903),GiannaD390327022023r,29.95,1,,24,80,r
Gianna Dior signed model 8x10 Photo -PROOF- -CERTIFICATE- (A3904),GiannaD390427022023r,29.95,1,,24,80,r
Gianna Dior signed model 8x10 Photo -PROOF- -CERTIFICATE- (A3905),GiannaD390527022023r,29.95,1,,24,80,r
Gianna Dior signed model 8x10 Photo -PROOF- -CERTIFICATE- (A3906),GiannaD390627022023r,29.95,1,,8,80,r
Gianna Dior signed model 8x10 Photo -PROOF- -CERTIFICATE- (A3907),GiannaD390727022023r,29.95,1,,,80,r
Gianna Dior signed model 8x10 Photo -PROOF- -CERTIFICATE- (A3908),GiannaD390827022023r,29.95,1,,,80,r
Gianna Dior signed model 8x10 Photo -PROOF- -CERTIFICATE- (A3909),GiannaD390927022023r,29.95,1,,,80,r
Gianna Dior signed model 8x10 Photo -PROOF- -CERTIFICATE- (A3910),GiannaD391027022023r,29.95,1,,,80,r
Gianna Dior signed model 8x10 Photo -PROOF- -CERTIFICATE- (A3911),GiannaD391127022023r,29.95,1,,,80,r
Gianna Dior signed model 8x10 Photo -PROOF- -CERTIFICATE- (A3912),GiannaD391227022023r,29.95,1,,,80,r
Gianna Dior signed model 8x10 Photo -PROOF- -CERTIFICATE- (A3913),GiannaD391327022023r,29.95,1,,,80,r
Gianna Dior signed model 8x10 Photo -PROOF- -CERTIFICATE- (A3914),GiannaD391427022023r,29.95,1,,,80,r
Gianna Dior signed model 8x10 Photo -PROOF- -CERTIFICATE- (A3916),GiannaD391627022023r,29.95,1,,,80,r
Gianna Dior signed model 8x10 Photo -PROOF- -CERTIFICATE- (A3922),GiannaD392227022023r,29.95,1,,,80,r
Gianna Dior signed model 8x10 Photo -PROOF- -CERTIFICATE- (A3923),GiannaD392327022023r,29.95,1,,,80,r
Gianna Dior signed model 8x10 Photo -PROOF- -CERTIFICATE- (A3925),GiannaD392527022023r,29.95,1,,,80,r
Jade Kush signed model 8x10 Photo -PROOF- -CERTIFICATE- (A0999),JadeK099927022023r,29.95,1,,24,108,r
Jade Kush signed model 8x10 Photo -PROOF- -CERTIFICATE- (A1000),JadeK100027022023r,29.95,1,,24,108,r
Jade Kush signed model 8x10 Photo -PROOF- -CERTIFICATE- (A1003),JadeK100327022023r,29.95,1,,24,108,r
Jade Kush signed model 8x10 Photo -PROOF- -CERTIFICATE- (A1004),JadeK100427022023r,29.95,1,,24,108,r
Jade Kush signed model 8x10 Photo -PROOF- -CERTIFICATE- (A3929),JadeK392927022023r,29.95,1,,24,108,r
Jade Kush signed model 8x10 Photo -PROOF- -CERTIFICATE- (A3934),JadeK393427022023r,29.95,1,,24,108,r
Jade Kush signed model 8x10 Photo -PROOF- -CERTIFICATE- (A3939),JadeK393927022023r,29.95,1,,24,108,r
Jade Kush signed model 8x10 Photo -PROOF- -CERTIFICATE- (A3946),JadeK394627022023r,29.95,1,,24,108,r
Jade Kush signed model 8x10 Photo -PROOF- -CERTIFICATE- (A3949),JadeK394927022023r,29.95,1,,24,108,r
Jade Kush signed model 8x10 Photo -PROOF- -CERTIFICATE- (A3951),JadeK395127022023r,29.95,1,,24,108,r
Jade Kush signed model 8x10 Photo -PROOF- -CERTIFICATE- (A3953),JadeK395327022023r,29.95,1,,24,108,r
Jade Kush signed model 8x10 Photo -PROOF- -CERTIFICATE- (A3960),JadeK396027022023r,29.95,1,,24,108,r
Jade Kush signed model 8x10 Photo -PROOF- -CERTIFICATE- (A3961),JadeK396127022023r,29.95,1,,24,108,r
Jade Kush signed model 8x10 Photo -PROOF- -CERTIFICATE- (A3962),JadeK396227022023r,29.95,1,,24,108,r
Jade Kush signed model 8x10 Photo -PROOF- -CERTIFICATE- (A3963),JadeK396327022023r,29.95,1,,24,108,r
Jade Kush signed model 8x10 Photo -PROOF- -CERTIFICATE- (A3965),JadeK396527022023r,29.95,1,,24,108,r
Jade Kush signed model 8x10 Photo -PROOF- -CERTIFICATE- (A3966),JadeK396627022023r,29.95,1,,24,108,r
Jade Kush signed model 8x10 Photo -PROOF- -CERTIFICATE- (A3967),JadeK396727022023r,29.95,1,,24,108,r
Jade Kush signed model 8x10 Photo -PROOF- -CERTIFICATE- (A3968),JadeK396827022023r,29.95,1,,24,108,r
Jade Kush signed model 8x10 Photo -PROOF- -CERTIFICATE- (A3969),JadeK396927022023r,29.95,1,,24,108,r
Jade Kush signed model 8x10 Photo -PROOF- -CERTIFICATE- (A3970),JadeK397027022023r,29.95,1,,24,108,r
Jade Kush signed model 8x10 Photo -PROOF- -CERTIFICATE- (A3971),JadeK397127022023r,29.95,1,,24,108,r
Jade Kush signed model 8x10 Photo -PROOF- -CERTIFICATE- (A3973),JadeK397327022023r,29.95,1,,24,108,r
Jade Kush signed model 8x10 Photo -PROOF- -CERTIFICATE- (A3975),JadeK397527022023r,29.95,1,,24,108,r
Jade Kush signed model 8x10 Photo -PROOF- -CERTIFICATE- (A3987),JadeK398727022023r,29.95,1,,24,108,r
Jade Kush signed model 8x10 Photo -PROOF- -CERTIFICATE- (A3989),JadeK398927022023r,29.95,1,,8,108,r
Jade Kush signed model 8x10 Photo -PROOF- -CERTIFICATE- (A3991),JadeK399127022023r,29.95,1,,,108,r
Jade Kush signed model 8x10 Photo -PROOF- -CERTIFICATE- (A3992),JadeK399227022023r,29.95,1,,,108,r
Jade Kush signed model 8x10 Photo -PROOF- -CERTIFICATE- (A3994),JadeK399427022023r,29.95,1,,,108,r
Jade Kush signed model 8x10 Photo -PROOF- -CERTIFICATE- (A4000),JadeK400027022023r,29.95,1,,,108,r
Jade Kush signed model 8x10 Photo -PROOF- -CERTIFICATE- (A4002),JadeK400227022023r,29.95,1,,,108,r
Jade Kush signed model 8x10 Photo -PROOF- -CERTIFICATE- (A4004),JadeK400427022023r,29.95,1,,,108,r
Jade Kush signed model 8x10 Photo -PROOF- -CERTIFICATE- (A4008),JadeK400827022023r,29.95,1,,,108,r
Jade Kush signed model 8x10 Photo -PROOF- -CERTIFICATE- (A4015),JadeK401527022023r,29.95,1,,,108,r
Jade Kush signed model 8x10 Photo -PROOF- -CERTIFICATE- (A4023),JadeK402327022023r,29.95,1,,,108,r
Jade Kush signed model 8x10 Photo -PROOF- -CERTIFICATE- (A4028),JadeK402827022023r,29.95,1,,,108,r
Jade Kush signed model 8x10 Photo -PROOF- -CERTIFICATE- (A4030),JadeK403027022023r,29.95,1,,,108,r
Jade Kush signed model 8x10 Photo -PROOF- -CERTIFICATE- (A4033),JadeK403327022023r,29.95,1,,,108,r
Jade Kush signed model 8x10 Photo -PROOF- -CERTIFICATE- (A4036),JadeK403627022023r,29.95,1,,,108,r
Jade Kush signed model 8x10 Photo -PROOF- -CERTIFICATE- (A4051),JadeK405127022023r,29.95,1,,,108,r
Jade Kush signed model 8x10 Photo -PROOF- -CERTIFICATE- (A4053),JadeK405327022023r,29.95,1,,,108,r
Jade Kush signed model 8x10 Photo -PROOF- -CERTIFICATE- (A4059),JadeK405927022023r,29.95,1,,,108,r
Jade Kush signed model 8x10 Photo -PROOF- -CERTIFICATE- (A4060),JadeK406027022023r,29.95,1,,,108,r
Jade Kush signed model 8x10 Photo -PROOF- -CERTIFICATE- (A4061),JadeK406127022023r,29.95,1,,,108,r
Jade Kush signed model 8x10 Photo -PROOF- -CERTIFICATE- (A4064),JadeK406427022023r,29.95,1,,,108,r
Jade Kush signed model 8x10 Photo -PROOF- -CERTIFICATE- (A4065),JadeK406527022023r,29.95,1,,,108,r
Jade Kush signed model 8x10 Photo -PROOF- -CERTIFICATE- (A4068),JadeK406827022023r,29.95,1,,,108,r
Jade Kush signed model 8x10 Photo -PROOF- -CERTIFICATE- (A4070),JadeK407027022023r,29.95,1,,,108,r
Jade Kush signed model 8x10 Photo -PROOF- -CERTIFICATE- (A4071),JadeK407127022023r,29.95,1,,,108,r
Jade Kush signed model 8x10 Photo -PROOF- -CERTIFICATE- (A4076),JadeK407627022023r,29.95,1,,,108,r
Jade Kush signed model 8x10 Photo -PROOF- -CERTIFICATE- (A4077),JadeK407727022023r,29.95,1,,,108,r
Jade Kush signed model 8x10 Photo -PROOF- -CERTIFICATE- (A4079),JadeK407927022023r,29.95,1,,,108,r
Jane Wilde signed model 8x10 Photo -PROOF- -CERTIFICATE- (A4097),JaneW409727022023r,29.95,1,,24,49,r
Jane Wilde signed model 8x10 Photo -PROOF- -CERTIFICATE- (A4099),JaneW409927022023r,29.95,1,,24,49,r
Jane Wilde signed model 8x10 Photo -PROOF- -CERTIFICATE- (A4100),JaneW410027022023r,29.95,1,,24,49,r
Jane Wilde signed model 8x10 Photo -PROOF- -CERTIFICATE- (A4103),JaneW410327022023r,29.95,1,,24,49,r
Jane Wilde signed model 8x10 Photo -PROOF- -CERTIFICATE- (A4105),JaneW410527022023r,29.95,1,,8,49,r
Jane Wilde signed model 8x10 Photo -PROOF- -CERTIFICATE- (A4108),JaneW410827022023r,29.95,1,,,49,r
Jane Wilde signed model 8x10 Photo -PROOF- -CERTIFICATE- (A4121),JaneW412127022023r,29.95,1,,,49,r
Jane Wilde signed model 8x10 Photo -PROOF- -CERTIFICATE- (A4127),JaneW412727022023r,29.95,1,,,49,r
Jane Wilde signed model 8x10 Photo -PROOF- -CERTIFICATE- (A4129),JaneW412927022023r,29.95,1,,,49,r
Jane Wilde signed model 8x10 Photo -PROOF- -CERTIFICATE- (A4141),JaneW414127022023r,29.95,1,,,49,r
Janice Griffith signed model 8x10 Photo -PROOF- -CERTIFICATE- (A4146),JaniceG414627022023r,29.95,1,,24,61,r
Janice Griffith signed model 8x10 Photo -PROOF- -CERTIFICATE- (A4147),JaniceG414727022023r,29.95,1,,24,61,r
Janice Griffith signed model 8x10 Photo -PROOF- -CERTIFICATE- (A4155),JaniceG415527022023r,29.95,1,,24,61,r
Janice Griffith signed model 8x10 Photo -PROOF- -CERTIFICATE- (A4156),JaniceG415627022023r,29.95,1,,24,61,r
Janice Griffith signed model 8x10 Photo -PROOF- -CERTIFICATE- (A4158),JaniceG415827022023r,29.95,1,,8,61,r
Janice Griffith signed model 8x10 Photo -PROOF- -CERTIFICATE- (A4172),JaniceG417227022023r,29.95,1,,,61,r
Janice Griffith signed model 8x10 Photo -PROOF- -CERTIFICATE- (A4174),JaniceG417427022023r,29.95,1,,,61,r
Janice Griffith signed model 8x10 Photo -PROOF- -CERTIFICATE- (A4179),JaniceG417927022023r,29.95,1,,,61,r
Janice Griffith signed model 8x10 Photo -PROOF- -CERTIFICATE- (A4185),JaniceG418527022023r,29.95,1,,,61,r
Janice Griffith signed model 8x10 Photo -PROOF- -CERTIFICATE- (A4186),JaniceG418627022023r,29.95,1,,,61,r
Jay Taylor signed model 8x10 Photo -PROOF- -CERTIFICATE- (A4191),JayT419127022023r,29.95,1,,24,92,r
Jay Taylor signed model 8x10 Photo -PROOF- -CERTIFICATE- (A4192),JayT419227022023r,29.95,1,,24,92,r
Jay Taylor signed model 8x10 Photo -PROOF- -CERTIFICATE- (A4194),JayT419427022023r,29.95,1,,8,92,r
Jay Taylor signed model 8x10 Photo -PROOF- -CERTIFICATE- (A4196),JayT419627022023r,29.95,1,,,92,r
Jay Taylor signed model 8x10 Photo -PROOF- -CERTIFICATE- (A4210),JayT421027022023r,29.95,1,,,92,r
Jay Taylor signed model 8x10 Photo -PROOF- -CERTIFICATE- (A4212),JayT421227022023r,29.95,1,,,92,r
Jenna Starr signed model 8x10 Photo -PROOF- -CERTIFICATE- (A4222),JennaS422227022023r,29.95,1,,24,111,r
Jenna Starr signed model 8x10 Photo -PROOF- -CERTIFICATE- (A4223),JennaS422327022023r,29.95,1,,24,111,r
Jenna Starr signed model 8x10 Photo -PROOF- -CERTIFICATE- (A4224),JennaS422427022023r,29.95,1,,24,111,r
Jenna Starr signed model 8x10 Photo -PROOF- -CERTIFICATE- (A4225),JennaS422527022023r,29.95,1,,24,111,r
Jenna Starr signed model 8x10 Photo -PROOF- -CERTIFICATE- (A4226),JennaS422627022023r,29.95,1,,8,111,r
Jenna Starr signed model 8x10 Photo -PROOF- -CERTIFICATE- (A4228),JennaS422827022023r,29.95,1,,,111,r
Jenna Starr signed model 8x10 Photo -PROOF- -CERTIFICATE- (A4229),JennaS422927022023r,29.95,1,,,111,r
Jenna Starr signed model 8x10 Photo -PROOF- -CERTIFICATE- (A4230),JennaS423027022023r,29.95,1,,,111,r
Jenna Starr signed model 8x10 Photo -PROOF- -CERTIFICATE- (A4243),JennaS424327022023r,29.95,1,,,111,r
Jennifer White signed model 8x10 Photo -PROOF- -CERTIFICATE- (A4259),JenniferW425927022023r,29.95,1,,24,94,r
Jennifer White signed model 8x10 Photo -PROOF- -CERTIFICATE- (A4260),JenniferW426027022023r,29.95,1,,24,94,r
Jennifer White signed model 8x10 Photo -PROOF- -CERTIFICATE- (A4261),JenniferW426127022023r,29.95,1,,8,94,r
Jennifer White signed model 8x10 Photo -PROOF- -CERTIFICATE- (A4262),JenniferW426227022023r,29.95,1,,,94,r
Jennifer White signed model 8x10 Photo -PROOF- -CERTIFICATE- (A4263),JenniferW426327022023r,29.95,1,,,94,r
Jennifer White signed model 8x10 Photo -PROOF- -CERTIFICATE- (A4302),JenniferW430227022023r,29.95,1,,,94,r
Jesse Pony signed model 8x10 Photo -PROOF- -CERTIFICATE- (A4305),JesseP430527022023r,29.95,1,,24,47,r
Jesse Pony signed model 8x10 Photo -PROOF- -CERTIFICATE- (A4315),JesseP431527022023r,29.95,1,,24,47,r
Jesse Pony signed model 8x10 Photo -PROOF- -CERTIFICATE- (A4317),JesseP431727022023r,29.95,1,,24,47,r
Jesse Pony signed model 8x10 Photo -PROOF- -CERTIFICATE- (A4319),JesseP431927022023r,29.95,1,,24,47,r
Jesse Pony signed model 8x10 Photo -PROOF- -CERTIFICATE- (A4330),JesseP433027022023r,29.95,1,,24,47,r
Jesse Pony signed model 8x10 Photo -PROOF- -CERTIFICATE- (A4338),JesseP433827022023r,29.95,1,,24,47,r
Jesse Pony signed model 8x10 Photo -PROOF- -CERTIFICATE- (A4339),JesseP433927022023r,29.95,1,,8,47,r
Jesse Pony signed model 8x10 Photo -PROOF- -CERTIFICATE- (A4342),JesseP434227022023r,29.95,1,,,47,r
Jesse Pony signed model 8x10 Photo -PROOF- -CERTIFICATE- (A4343),JesseP434327022023r,29.95,1,,,47,r
Jesse Pony signed model 8x10 Photo -PROOF- -CERTIFICATE- (A4344),JesseP434427022023r,29.95,1,,,47,r
Jesse Pony signed model 8x10 Photo -PROOF- -CERTIFICATE- (A4345),JesseP434527022023r,29.95,1,,,47,r
Jesse Pony signed model 8x10 Photo -PROOF- -CERTIFICATE- (A4346),JesseP434627022023r,29.95,1,,,47,r
Jesse Pony signed model 8x10 Photo -PROOF- -CERTIFICATE- (A4349),JesseP434927022023r,29.95,1,,,47,r
Jesse Pony signed model 8x10 Photo -PROOF- -CERTIFICATE- (A4354),JesseP435427022023r,29.95,1,,,47,r
Jessie Saint signed model 8x10 Photo -PROOF- -CERTIFICATE- (A4408),JessieS440827022023r,29.95,1,,24,77,r
Jessie Saint signed model 8x10 Photo -PROOF- -CERTIFICATE- (A4414),JessieS441427022023r,29.95,1,,8,77,r
Jojo Kiss signed model 8x10 Photo -PROOF- -CERTIFICATE- (A4425),JojoK442527022023r,29.95,1,,24,51,r
Jojo Kiss signed model 8x10 Photo -PROOF- -CERTIFICATE- (A4428),JojoK442827022023r,29.95,1,,24,51,r
Jojo Kiss signed model 8x10 Photo -PROOF- -CERTIFICATE- (A4432),JojoK443227022023r,29.95,1,,24,51,r
Jojo Kiss signed model 8x10 Photo -PROOF- -CERTIFICATE- (A4433),JojoK443327022023r,29.95,1,,24,51,r
Jojo Kiss signed model 8x10 Photo -PROOF- -CERTIFICATE- (A4434),JojoK443427022023r,29.95,1,,24,51,r
Jojo Kiss signed model 8x10 Photo -PROOF- -CERTIFICATE- (A4436),JojoK443627022023r,29.95,1,,8,51,r
Jojo Kiss signed model 8x10 Photo -PROOF- -CERTIFICATE- (A4437),JojoK443727022023r,29.95,1,,,51,r
Jojo Kiss signed model 8x10 Photo -PROOF- -CERTIFICATE- (A4439),JojoK443927022023r,29.95,1,,,51,r
Jojo Kiss signed model 8x10 Photo -PROOF- -CERTIFICATE- (A4442),JojoK444227022023r,29.95,1,,,51,r
Jojo Kiss signed model 8x10 Photo -PROOF- -CERTIFICATE- (A4444),JojoK444427022023r,29.95,1,,,51,r
Jojo Kiss signed model 8x10 Photo -PROOF- -CERTIFICATE- (A4450),JojoK445027022023r,29.95,1,,,51,r
Jojo Kiss signed model 8x10 Photo -PROOF- -CERTIFICATE- (A4451),JojoK445127022023r,29.95,1,,,51,r
Kagney Linn signed model 8x10 Photo -PROOF- -CERTIFICATE- (A4458),KagneyL445827022023r,29.95,1,,24,3,r
Kagney Linn signed model 8x10 Photo -PROOF- -CERTIFICATE- (A4478),KagneyL447827022023r,29.95,1,,24,3,r
Kagney Linn signed model 8x10 Photo -PROOF- -CERTIFICATE- (A4483),KagneyL448327022023r,29.95,1,,24,3,r
Kagney Linn signed model 8x10 Photo -PROOF- -CERTIFICATE- (A4485),KagneyL448527022023r,29.95,1,,24,3,r
Kagney Linn signed model 8x10 Photo -PROOF- -CERTIFICATE- (A4493),KagneyL449327022023r,29.95,1,,24,3,r
Kagney Linn signed model 8x10 Photo -PROOF- -CERTIFICATE- (A4523),KagneyL452327022023r,29.95,1,,24,3,r
Kagney Linn signed model 8x10 Photo -PROOF- -CERTIFICATE- (A4524),KagneyL452427022023r,29.95,1,,24,3,r
Kagney Linn signed model 8x10 Photo -PROOF- -CERTIFICATE- (A4525),KagneyL452527022023r,29.95,1,,24,3,r
Kagney Linn signed model 8x10 Photo -PROOF- -CERTIFICATE- (A4534),KagneyL453427022023r,29.95,1,,24,3,r
Kagney Linn signed model 8x10 Photo -PROOF- -CERTIFICATE- (A4548),KagneyL454827022023r,29.95,1,,24,3,r
Kagney Linn signed model 8x10 Photo -PROOF- -CERTIFICATE- (A4554),KagneyL455427022023r,29.95,1,,24,3,r
Kagney Linn signed model 8x10 Photo -PROOF- -CERTIFICATE- (A4561),KagneyL456127022023r,29.95,1,,24,3,r
Kagney Linn signed model 8x10 Photo -PROOF- -CERTIFICATE- (A4562),KagneyL456227022023r,29.95,1,,8,3,r
Kagney Linn signed model 8x10 Photo -PROOF- -CERTIFICATE- (A4564),KagneyL456427022023r,29.95,1,,,3,r
Kagney Linn signed model 8x10 Photo -PROOF- -CERTIFICATE- (A4565),KagneyL456527022023r,29.95,1,,,3,r
Kagney Linn signed model 8x10 Photo -PROOF- -CERTIFICATE- (A4580),KagneyL458027022023r,29.95,1,,,3,r
Kagney Linn signed model 8x10 Photo -PROOF- -CERTIFICATE- (A4581),KagneyL458127022023r,29.95,1,,,3,r
Kagney Linn signed model 8x10 Photo -PROOF- -CERTIFICATE- (A4582),KagneyL458227022023r,29.95,1,,,3,r
Kagney Linn signed model 8x10 Photo -PROOF- -CERTIFICATE- (A4583),KagneyL458327022023r,29.95,1,,,3,r
Kagney Linn signed model 8x10 Photo -PROOF- -CERTIFICATE- (A4584),KagneyL458427022023r,29.95,1,,,3,r
Kagney Linn signed model 8x10 Photo -PROOF- -CERTIFICATE- (A4586),KagneyL458627022023r,29.95,1,,,3,r
Kagney Linn signed model 8x10 Photo -PROOF- -CERTIFICATE- (A4587),KagneyL458727022023r,29.95,1,,,3,r
Kagney Linn signed model 8x10 Photo -PROOF- -CERTIFICATE- (A4588),KagneyL458827022023r,29.95,1,,,3,r
Kagney Linn signed model 8x10 Photo -PROOF- -CERTIFICATE- (A4589),KagneyL458927022023r,29.95,1,,,3,r
Kagney Linn signed model 8x10 Photo -PROOF- -CERTIFICATE- (A4590),KagneyL459027022023r,29.95,1,,,3,r
Kagney Linn signed model 8x10 Photo -PROOF- -CERTIFICATE- (A4602),KagneyL460227022023r,29.95,1,,,3,r
Kayla Kayden signed model 8x10 Photo -PROOF- -CERTIFICATE- (A4608),KaylaK460827022023r,29.95,1,,24,102,r
Kayla Kayden signed model 8x10 Photo -PROOF- -CERTIFICATE- (A4616),KaylaK461627022023r,29.95,1,,24,102,r
Kayla Kayden signed model 8x10 Photo -PROOF- -CERTIFICATE- (A4630),KaylaK463027022023r,29.95,1,,8,102,r
Kayla Kayden signed model 8x10 Photo -PROOF- -CERTIFICATE- (A4639),KaylaK463927022023r,29.95,1,,,102,r
Kayla Kayden signed model 8x10 Photo -PROOF- -CERTIFICATE- (A4645),KaylaK464527022023r,29.95,1,,,102,r
Kayla Paige signed model 8x10 Photo -PROOF- -CERTIFICATE- (A4665),KaylaP466527022023r,29.95,1,,24,97,r
Kayla Paige signed model 8x10 Photo -PROOF- -CERTIFICATE- (A4670),KaylaP467027022023r,29.95,1,,24,97,r
Kayla Paige signed model 8x10 Photo -PROOF- -CERTIFICATE- (A4671),KaylaP467127022023r,29.95,1,,24,97,r
Kayla Paige signed model 8x10 Photo -PROOF- -CERTIFICATE- (A4672),KaylaP467227022023r,29.95,1,,24,97,r
Kayla Paige signed model 8x10 Photo -PROOF- -CERTIFICATE- (A4673),KaylaP467327022023r,29.95,1,,24,97,r
Kayla Paige signed model 8x10 Photo -PROOF- -CERTIFICATE- (A4675),KaylaP467527022023r,29.95,1,,24,97,r
Kayla Paige signed model 8x10 Photo -PROOF- -CERTIFICATE- (A4676),KaylaP467627022023r,29.95,1,,8,97,r
Kayla Paige signed model 8x10 Photo -PROOF- -CERTIFICATE- (A4678),KaylaP467827022023r,29.95,1,,,97,r
Kayla Paige signed model 8x10 Photo -PROOF- -CERTIFICATE- (A4679),KaylaP467927022023r,29.95,1,,,97,r
Kayla Paige signed model 8x10 Photo -PROOF- -CERTIFICATE- (A4681),KaylaP468127022023r,29.95,1,,,97,r
Kayla Paige signed model 8x10 Photo -PROOF- -CERTIFICATE- (A4682),KaylaP468227022023r,29.95,1,,,97,r
Kayla Paige signed model 8x10 Photo -PROOF- -CERTIFICATE- (A4683),KaylaP468327022023r,29.95,1,,,97,r
Kayla Paige signed model 8x10 Photo -PROOF- -CERTIFICATE- (A4684),KaylaP468427022023r,29.95,1,,,97,r
Kayley Gunner signed model 8x10 Photo -PROOF- -CERTIFICATE- (A4737),KayleyG473727022023r,29.95,1,,24,103,r
Kayley Gunner signed model 8x10 Photo -PROOF- -CERTIFICATE- (A4739),KayleyG473927022023r,29.95,1,,24,103,r
Kayley Gunner signed model 8x10 Photo -PROOF- -CERTIFICATE- (A4740),KayleyG474027022023r,29.95,1,,24,103,r
Kayley Gunner signed model 8x10 Photo -PROOF- -CERTIFICATE- (A4743),KayleyG474327022023r,29.95,1,,24,103,r
Kayley Gunner signed model 8x10 Photo -PROOF- -CERTIFICATE- (A4745),KayleyG474527022023r,29.95,1,,24,103,r
Kayley Gunner signed model 8x10 Photo -PROOF- -CERTIFICATE- (A4750),KayleyG475027022023r,29.95,1,,24,103,r
Kayley Gunner signed model 8x10 Photo -PROOF- -CERTIFICATE- (A4751),KayleyG475127022023r,29.95,1,,24,103,r
Kayley Gunner signed model 8x10 Photo -PROOF- -CERTIFICATE- (A4752),KayleyG475227022023r,29.95,1,,24,103,r
Kayley Gunner signed model 8x10 Photo -PROOF- -CERTIFICATE- (A4753),KayleyG475327022023r,29.95,1,,24,103,r
Kayley Gunner signed model 8x10 Photo -PROOF- -CERTIFICATE- (A4790),KayleyG479027022023r,29.95,1,,8,103,r
Kayley Gunner signed model 8x10 Photo -PROOF- -CERTIFICATE- (A4791),KayleyG479127022023r,29.95,1,,,103,r
Kayley Gunner signed model 8x10 Photo -PROOF- -CERTIFICATE- (A4792),KayleyG479227022023r,29.95,1,,,103,r
Kayley Gunner signed model 8x10 Photo -PROOF- -CERTIFICATE- (A4794),KayleyG479427022023r,29.95,1,,,103,r
Kayley Gunner signed model 8x10 Photo -PROOF- -CERTIFICATE- (A4795),KayleyG479527022023r,29.95,1,,,103,r
Kayley Gunner signed model 8x10 Photo -PROOF- -CERTIFICATE- (A4796),KayleyG479627022023r,29.95,1,,,103,r
Kayley Gunner signed model 8x10 Photo -PROOF- -CERTIFICATE- (A4797),KayleyG479727022023r,29.95,1,,,103,r
Kayley Gunner signed model 8x10 Photo -PROOF- -CERTIFICATE- (A4811),KayleyG481127022023r,29.95,1,,,103,r
Kayley Gunner signed model 8x10 Photo -PROOF- -CERTIFICATE- (A4812),KayleyG481227022023r,29.95,1,,,103,r
Kayley Gunner signed model 8x10 Photo -PROOF- -CERTIFICATE- (A4813),KayleyG481327022023r,29.95,1,,,103,r
Kayley Gunner signed model 8x10 Photo -PROOF- -CERTIFICATE- (A4814),KayleyG481427022023r,29.95,1,,,103,r
Kazumi Signed signed model 8x10 Photo -PROOF- -CERTIFICATE- (A4833),KazumiS483327022023r,29.95,1,,24,58,r
Kendall Kayden signed model 8x10 Photo -PROOF- -CERTIFICATE- (A4920),KendallK492027022023r,29.95,1,,24,96,r
Kendall Kayden signed model 8x10 Photo -PROOF- -CERTIFICATE- (A4924),KendallK492427022023r,29.95,1,,24,96,r
Kendall Kayden signed model 8x10 Photo -PROOF- -CERTIFICATE- (A4925),KendallK492527022023r,29.95,1,,24,96,r
Kendall Kayden signed model 8x10 Photo -PROOF- -CERTIFICATE- (A4927),KendallK492727022023r,29.95,1,,8,96,r
Kendall Kayden signed model 8x10 Photo -PROOF- -CERTIFICATE- (A4929),KendallK492927022023r,29.95,1,,,96,r
Kendall Kayden signed model 8x10 Photo -PROOF- -CERTIFICATE- (A4932),KendallK493227022023r,29.95,1,,,96,r
Kendall Kayden signed model 8x10 Photo -PROOF- -CERTIFICATE- (A4940),KendallK494027022023r,29.95,1,,,96,r
Kendall Kayden signed model 8x10 Photo -PROOF- -CERTIFICATE- (A4941),KendallK494127022023r,29.95,1,,,96,r
Khloe Kapri signed model 8x10 Photo -PROOF- -CERTIFICATE- (A4957),KhloeK495727022023r,29.95,1,,24,37,r
Khloe Kapri signed model 8x10 Photo -PROOF- -CERTIFICATE- (A4958),KhloeK495827022023r,29.95,1,,24,37,r
Khloe Kapri signed model 8x10 Photo -PROOF- -CERTIFICATE- (A4966),KhloeK496627022023r,29.95,1,,24,37,r
Khloe Kapri signed model 8x10 Photo -PROOF- -CERTIFICATE- (A5012),KhloeK501227022023r,29.95,1,,24,37,r
Khloe Kapri signed model 8x10 Photo -PROOF- -CERTIFICATE- (A5013),KhloeK501327022023r,29.95,1,,24,37,r
Khloe Kapri signed model 8x10 Photo -PROOF- -CERTIFICATE- (A5014),KhloeK501427022023r,29.95,1,,24,37,r
Khloe Kapri signed model 8x10 Photo -PROOF- -CERTIFICATE- (A5015),KhloeK501527022023r,29.95,1,,24,37,r
Khloe Kapri signed model 8x10 Photo -PROOF- -CERTIFICATE- (A5016),KhloeK501627022023r,29.95,1,,8,37,r
Khloe Kapri signed model 8x10 Photo -PROOF- -CERTIFICATE- (A5017),KhloeK501727022023r,29.95,1,,,37,r
Khloe Kapri signed model 8x10 Photo -PROOF- -CERTIFICATE- (A5018),KhloeK501827022023r,29.95,1,,,37,r
Khloe Kapri signed model 8x10 Photo -PROOF- -CERTIFICATE- (A5019),KhloeK501927022023r,29.95,1,,,37,r
Khloe Kapri signed model 8x10 Photo -PROOF- -CERTIFICATE- (A5020),KhloeK502027022023r,29.95,1,,,37,r
Khloe Kapri signed model 8x10 Photo -PROOF- -CERTIFICATE- (A5021),KhloeK502127022023r,29.95,1,,,37,r
Khloe Kapri signed model 8x10 Photo -PROOF- -CERTIFICATE- (A5022),KhloeK502227022023r,29.95,1,,,37,r
Khloe Kapri signed model 8x10 Photo -PROOF- -CERTIFICATE- (A5047),KhloeK504727022023r,29.95,1,,,37,r
Kiki Daire signed model 8x10 Photo -PROOF- -CERTIFICATE- (A5084),KikiD508427022023r,29.95,1,,24,48,r
Kiki Daire signed model 8x10 Photo -PROOF- -CERTIFICATE- (A5085),KikiD508527022023r,29.95,1,,24,48,r
Kiki Daire signed model 8x10 Photo -PROOF- -CERTIFICATE- (A5086),KikiD508627022023r,29.95,1,,8,48,r
Kiki Daire signed model 8x10 Photo -PROOF- -CERTIFICATE- (A5087),KikiD508727022023r,29.95,1,,,48,r
Kiki Daire signed model 8x10 Photo -PROOF- -CERTIFICATE- (A5088),KikiD508827022023r,29.95,1,,,48,r
Lasirena Signed signed model 8x10 Photo -PROOF- -CERTIFICATE- (A5094),LasirenaS509427022023r,29.95,1,,24,73,r
Lasirena Signed signed model 8x10 Photo -PROOF- -CERTIFICATE- (A5095),LasirenaS509527022023r,29.95,1,,8,73,r
Lasirena Signed signed model 8x10 Photo -PROOF- -CERTIFICATE- (A5096),LasirenaS509627022023r,29.95,1,,,73,r
Lasirena Signed signed model 8x10 Photo -PROOF- -CERTIFICATE- (A5127),LasirenaS512727022023r,29.95,1,,,73,r
Lexi Lore signed model 8x10 Photo -PROOF- -CERTIFICATE- (A5132),LexiL513227022023r,29.95,1,,24,76,r
Lexi Lore signed model 8x10 Photo -PROOF- -CERTIFICATE- (A5135),LexiL513527022023r,29.95,1,,8,76,r
Lexi Lore signed model 8x10 Photo -PROOF- -CERTIFICATE- (A5137),LexiL513727022023r,29.95,1,,,76,r
Lexi Luna signed model 8x10 Photo -PROOF- -CERTIFICATE- (A5173),LexiL517327022023r,29.95,1,,24,42,r
Lexi Luna signed model 8x10 Photo -PROOF- -CERTIFICATE- (A5174),LexiL517427022023r,29.95,1,,24,42,r
Lexi Luna signed model 8x10 Photo -PROOF- -CERTIFICATE- (A5175),LexiL517527022023r,29.95,1,,8,42,r
Lexi Luna signed model 8x10 Photo -PROOF- -CERTIFICATE- (A5177),LexiL517727022023r,29.95,1,,,42,r
Lexi Luna signed model 8x10 Photo -PROOF- -CERTIFICATE- (A5178),LexiL517827022023r,29.95,1,,,42,r
Lexi Luna signed model 8x10 Photo -PROOF- -CERTIFICATE- (A5195),LexiL519527022023r,29.95,1,,,42,r
Lila Lovely signed model 8x10 Photo -PROOF- -CERTIFICATE- (A5212),LilaL521227022023r,29.95,1,,24,64,r
Lila Lovely signed model 8x10 Photo -PROOF- -CERTIFICATE- (A5221),LilaL522127022023r,29.95,1,,8,64,r
Lily Lou signed model 8x10 Photo -PROOF- -CERTIFICATE- (A5336),LilyL533627022023r,29.95,1,,24,50,r
Madison Morgan signed model 8x10 Photo -PROOF- -CERTIFICATE- (A5416),MadisonM541627022023r,29.95,1,,24,105,r
Madison Morgan signed model 8x10 Photo -PROOF- -CERTIFICATE- (A5418),MadisonM541827022023r,29.95,1,,8,105,r
Madison Morgan signed model 8x10 Photo -PROOF- -CERTIFICATE- (A5420),MadisonM542027022023r,29.95,1,,,105,r
Madison Morgan signed model 8x10 Photo -PROOF- -CERTIFICATE- (A5433),MadisonM543327022023r,29.95,1,,,105,r
Maxine X signed model 8x10 Photo -PROOF- -CERTIFICATE- (A5444),MaxineX544427022023r,29.95,1,,24,38,r
Maxine X signed model 8x10 Photo -PROOF- -CERTIFICATE- (A5445),MaxineX544527022023r,29.95,1,,24,38,r
Maxine X signed model 8x10 Photo -PROOF- -CERTIFICATE- (A5446),MaxineX544627022023r,29.95,1,,24,38,r
Maxine X signed model 8x10 Photo -PROOF- -CERTIFICATE- (A5452),MaxineX545227022023r,29.95,1,,24,38,r
Maxine X signed model 8x10 Photo -PROOF- -CERTIFICATE- (A5455),MaxineX545527022023r,29.95,1,,24,38,r
Maxine X signed model 8x10 Photo -PROOF- -CERTIFICATE- (A5458),MaxineX545827022023r,29.95,1,,24,38,r
Maxine X signed model 8x10 Photo -PROOF- -CERTIFICATE- (A5460),MaxineX546027022023r,29.95,1,,24,38,r
Maxine X signed model 8x10 Photo -PROOF- -CERTIFICATE- (A5463),MaxineX546327022023r,29.95,1,,24,38,r
Maxine X signed model 8x10 Photo -PROOF- -CERTIFICATE- (A5465),MaxineX546527022023r,29.95,1,,24,38,r
Maxine X signed model 8x10 Photo -PROOF- -CERTIFICATE- (A5466),MaxineX546627022023r,29.95,1,,24,38,r
Maxine X signed model 8x10 Photo -PROOF- -CERTIFICATE- (A5476),MaxineX547627022023r,29.95,1,,24,38,r
Maxine X signed model 8x10 Photo -PROOF- -CERTIFICATE- (A5477),MaxineX547727022023r,29.95,1,,24,38,r
Maxine X signed model 8x10 Photo -PROOF- -CERTIFICATE- (A5482),MaxineX548227022023r,29.95,1,,8,38,r
Maxine X signed model 8x10 Photo -PROOF- -CERTIFICATE- (A5484),MaxineX548427022023r,29.95,1,,,38,r
Maxine X signed model 8x10 Photo -PROOF- -CERTIFICATE- (A5489),MaxineX548927022023r,29.95,1,,,38,r
Maxine X signed model 8x10 Photo -PROOF- -CERTIFICATE- (A5490),MaxineX549027022023r,29.95,1,,,38,r
Maxine X signed model 8x10 Photo -PROOF- -CERTIFICATE- (A5491),MaxineX549127022023r,29.95,1,,,38,r
Maxine X signed model 8x10 Photo -PROOF- -CERTIFICATE- (A5492),MaxineX549227022023r,29.95,1,,,38,r
Maxine X signed model 8x10 Photo -PROOF- -CERTIFICATE- (A5493),MaxineX549327022023r,29.95,1,,,38,r
Maxine X signed model 8x10 Photo -PROOF- -CERTIFICATE- (A5494),MaxineX549427022023r,29.95,1,,,38,r
Maxine X signed model 8x10 Photo -PROOF- -CERTIFICATE- (A5498),MaxineX549827022023r,29.95,1,,,38,r
Maxine X signed model 8x10 Photo -PROOF- -CERTIFICATE- (A5500),MaxineX550027022023r,29.95,1,,,38,r
Maxine X signed model 8x10 Photo -PROOF- -CERTIFICATE- (A5501),MaxineX550127022023r,29.95,1,,,38,r
Maxine X signed model 8x10 Photo -PROOF- -CERTIFICATE- (A5502),MaxineX550227022023r,29.95,1,,,38,r
Maxine X signed model 8x10 Photo -PROOF- -CERTIFICATE- (A5506),MaxineX550627022023r,29.95,1,,,38,r
Maxine X signed model 8x10 Photo -PROOF- -CERTIFICATE- (A5507),MaxineX550727022023r,29.95,1,,,38,r
Maya Woulfe signed model 8x10 Photo -PROOF- -CERTIFICATE- (A5510),MayaW551027022023r,29.95,1,,24,81,r
Maya Woulfe signed model 8x10 Photo -PROOF- -CERTIFICATE- (A5516),MayaW551627022023r,29.95,1,,24,81,r
Maya Woulfe signed model 8x10 Photo -PROOF- -CERTIFICATE- (A5527),MayaW552727022023r,29.95,1,,8,81,r
Maya Woulfe signed model 8x10 Photo -PROOF- -CERTIFICATE- (A5528),MayaW552827022023r,29.95,1,,,81,r
Maya Woulfe signed model 8x10 Photo -PROOF- -CERTIFICATE- (A5539),MayaW553927022023r,29.95,1,,,81,r
Naudi Nala signed model 8x10 Photo -PROOF- -CERTIFICATE- (A5565),NaudiN556527022023r,29.95,1,,24,95,r
Onyx Muse signed model 8x10 Photo -PROOF- -CERTIFICATE- (A5570),OnyxM557027022023r,29.95,1,,24,45,r
Onyx Muse signed model 8x10 Photo -PROOF- -CERTIFICATE- (A5571),OnyxM557127022023r,29.95,1,,24,45,r
Onyx Muse signed model 8x10 Photo -PROOF- -CERTIFICATE- (A5574),OnyxM557427022023r,29.95,1,,24,45,r
Onyx Muse signed model 8x10 Photo -PROOF- -CERTIFICATE- (A5577),OnyxM557727022023r,29.95,1,,8,45,r
Onyx Muse signed model 8x10 Photo -PROOF- -CERTIFICATE- (A5578),OnyxM557827022023r,29.95,1,,,45,r
Onyx Muse signed model 8x10 Photo -PROOF- -CERTIFICATE- (A5579),OnyxM557927022023r,29.95,1,,,45,r
Onyx Muse signed model 8x10 Photo -PROOF- -CERTIFICATE- (A5580),OnyxM558027022023r,29.95,1,,,45,r
Ophelia Rain signed model 8x10 Photo -PROOF- -CERTIFICATE- (A5592),OpheliaR559227022023r,29.95,1,,24,107,r
Ophelia Rain signed model 8x10 Photo -PROOF- -CERTIFICATE- (A5594),OpheliaR559427022023r,29.95,1,,8,107,r
Ophelia Rain signed model 8x10 Photo -PROOF- -CERTIFICATE- (A5597),OpheliaR559727022023r,29.95,1,,,107,r
Pinky Signed signed model 8x10 Photo -PROOF- -CERTIFICATE- (A5623),PinkyS562327022023r,29.95,1,,24,93,r
Pinky Signed signed model 8x10 Photo -PROOF- -CERTIFICATE- (A5625),PinkyS562527022023r,29.95,1,,8,93,r
Reena Sky signed model 8x10 Photo -PROOF- -CERTIFICATE- (A5799),ReenaS579927022023r,29.95,1,,24,87,r
Reena Sky signed model 8x10 Photo -PROOF- -CERTIFICATE- (A5806),ReenaS580627022023r,29.95,1,,24,87,r
Reena Sky signed model 8x10 Photo -PROOF- -CERTIFICATE- (A5807),ReenaS580727022023r,29.95,1,,24,87,r
Reena Sky signed model 8x10 Photo -PROOF- -CERTIFICATE- (A5809),ReenaS580927022023r,29.95,1,,24,87,r
Reena Sky signed model 8x10 Photo -PROOF- -CERTIFICATE- (A5810),ReenaS581027022023r,29.95,1,,24,87,r
Reena Sky signed model 8x10 Photo -PROOF- -CERTIFICATE- (A5811),ReenaS581127022023r,29.95,1,,24,87,r
Reena Sky signed model 8x10 Photo -PROOF- -CERTIFICATE- (A5813),ReenaS581327022023r,29.95,1,,24,87,r
Reena Sky signed model 8x10 Photo -PROOF- -CERTIFICATE- (A5823),ReenaS582327022023r,29.95,1,,8,87,r
Reena Sky signed model 8x10 Photo -PROOF- -CERTIFICATE- (A5826),ReenaS582627022023r,29.95,1,,,87,r
Reena Sky signed model 8x10 Photo -PROOF- -CERTIFICATE- (A5827),ReenaS582727022023r,29.95,1,,,87,r
Reena Sky signed model 8x10 Photo -PROOF- -CERTIFICATE- (A5833),ReenaS583327022023r,29.95,1,,,87,r
Reena Sky signed model 8x10 Photo -PROOF- -CERTIFICATE- (A5846),ReenaS584627022023r,29.95,1,,,87,r
Reena Sky signed model 8x10 Photo -PROOF- -CERTIFICATE- (A5849),ReenaS584927022023r,29.95,1,,,87,r
Reena Sky signed model 8x10 Photo -PROOF- -CERTIFICATE- (A5851),ReenaS585127022023r,29.95,1,,,87,r
Reena Sky signed model 8x10 Photo -PROOF- -CERTIFICATE- (A5859),ReenaS585927022023r,29.95,1,,,87,r
Reya Sunshine signed model 8x10 Photo -PROOF- -CERTIFICATE- (A5864),ReyaS586427022023r,29.95,1,,24,88,r
Reya Sunshine signed model 8x10 Photo -PROOF- -CERTIFICATE- (A5865),ReyaS586527022023r,29.95,1,,8,88,r
Riley Nixon signed model 8x10 Photo -PROOF- -CERTIFICATE- (A5905),RileyN590527022023r,29.95,1,,24,91,r
Riley Nixon signed model 8x10 Photo -PROOF- -CERTIFICATE- (A5907),RileyN590727022023r,29.95,1,,24,91,r
Riley Nixon signed model 8x10 Photo -PROOF- -CERTIFICATE- (A5911),RileyN591127022023r,29.95,1,,8,91,r
Riley Nixon signed model 8x10 Photo -PROOF- -CERTIFICATE- (A5942),RileyN594227022023r,29.95,1,,,91,r
Riley Nixon signed model 8x10 Photo -PROOF- -CERTIFICATE- (A5943),RileyN594327022023r,29.95,1,,,91,r
Roxie Sinner signed model 8x10 Photo -PROOF- -CERTIFICATE- (A5950),RoxieS595027022023r,29.95,1,,24,55,r
Roxie Sinner signed model 8x10 Photo -PROOF- -CERTIFICATE- (A5952),RoxieS595227022023r,29.95,1,,24,55,r
Roxie Sinner signed model 8x10 Photo -PROOF- -CERTIFICATE- (A5953),RoxieS595327022023r,29.95,1,,24,55,r
Roxie Sinner signed model 8x10 Photo -PROOF- -CERTIFICATE- (A5954),RoxieS595427022023r,29.95,1,,24,55,r
Roxie Sinner signed model 8x10 Photo -PROOF- -CERTIFICATE- (A5969),RoxieS596927022023r,29.95,1,,8,55,r
Roxie Sinner signed model 8x10 Photo -PROOF- -CERTIFICATE- (A5971),RoxieS597127022023r,29.95,1,,,55,r
Roxie Sinner signed model 8x10 Photo -PROOF- -CERTIFICATE- (A5972),RoxieS597227022023r,29.95,1,,,55,r
Roxie Sinner signed model 8x10 Photo -PROOF- -CERTIFICATE- (A5973),RoxieS597327022023r,29.95,1,,,55,r
Roxie Sinner signed model 8x10 Photo -PROOF- -CERTIFICATE- (A5982),RoxieS598227022023r,29.95,1,,,55,r
Sarah Jessie signed model 8x10 Photo -PROOF- -CERTIFICATE- (A6006),SarahJ600627022023r,29.95,1,,24,78,r
Sarah Jessie signed model 8x10 Photo -PROOF- -CERTIFICATE- (A6016),SarahJ601627022023r,29.95,1,,8,78,r
Sarah Jessie signed model 8x10 Photo -PROOF- -CERTIFICATE- (A6020),SarahJ602027022023r,29.95,1,,,78,r
Sarah Jessie signed model 8x10 Photo -PROOF- -CERTIFICATE- (A6021),SarahJ602127022023r,29.95,1,,,78,r
Savannah Bond signed model 8x10 Photo -PROOF- -CERTIFICATE- (A6037),SavannahB603727022023r,29.95,1,,24,79,r
Savannah Bond signed model 8x10 Photo -PROOF- -CERTIFICATE- (A6038),SavannahB603827022023r,29.95,1,,24,79,r
Savannah Bond signed model 8x10 Photo -PROOF- -CERTIFICATE- (A6039),SavannahB603927022023r,29.95,1,,24,79,r
Savannah Bond signed model 8x10 Photo -PROOF- -CERTIFICATE- (A6040),SavannahB604027022023r,29.95,1,,24,79,r
Savannah Bond signed model 8x10 Photo -PROOF- -CERTIFICATE- (A6041),SavannahB604127022023r,29.95,1,,24,79,r
Savannah Bond signed model 8x10 Photo -PROOF- -CERTIFICATE- (A6042),SavannahB604227022023r,29.95,1,,24,79,r
Savannah Bond signed model 8x10 Photo -PROOF- -CERTIFICATE- (A6043),SavannahB604327022023r,29.95,1,,8,79,r
Savannah Bond signed model 8x10 Photo -PROOF- -CERTIFICATE- (A6044),SavannahB604427022023r,29.95,1,,,79,r
Savannah Bond signed model 8x10 Photo -PROOF- -CERTIFICATE- (A6059),SavannahB605927022023r,29.95,1,,,79,r
Savannah Bond signed model 8x10 Photo -PROOF- -CERTIFICATE- (A6060),SavannahB606027022023r,29.95,1,,,79,r
Savannah Bond signed model 8x10 Photo -PROOF- -CERTIFICATE- (A6061),SavannahB606127022023r,29.95,1,,,79,r
Savannah Bond signed model 8x10 Photo -PROOF- -CERTIFICATE- (A6063),SavannahB606327022023r,29.95,1,,,79,r
Savannah Bond signed model 8x10 Photo -PROOF- -CERTIFICATE- (A6064),SavannahB606427022023r,29.95,1,,,79,r
Savannah Bond signed model 8x10 Photo -PROOF- -CERTIFICATE- (A6065),SavannahB606527022023r,29.95,1,,,79,r
Scarlett Hampton signed model 8x10 Photo -PROOF- -CERTIFICATE- (A6156),ScarlettH615627022023r,29.95,1,,24,53,r
Scarlett Hampton signed model 8x10 Photo -PROOF- -CERTIFICATE- (A6157),ScarlettH615727022023r,29.95,1,,24,53,r
Scarlett Hampton signed model 8x10 Photo -PROOF- -CERTIFICATE- (A6196),ScarlettH619627022023r,29.95,1,,8,53,r
Scarlett Hampton signed model 8x10 Photo -PROOF- -CERTIFICATE- (A6198),ScarlettH619827022023r,29.95,1,,,53,r
Scarlett Hampton signed model 8x10 Photo -PROOF- -CERTIFICATE- (A6200),ScarlettH620027022023r,29.95,1,,,53,r
Scarlett Sage signed model 8x10 Photo -PROOF- -CERTIFICATE- (A6213),ScarlettS621327022023r,29.95,1,,24,36,r
Scarlett Sage signed model 8x10 Photo -PROOF- -CERTIFICATE- (A6232),ScarlettS623227022023r,29.95,1,,24,36,r
Scarlett Sage signed model 8x10 Photo -PROOF- -CERTIFICATE- (A6234),ScarlettS623427022023r,29.95,1,,24,36,r
Scarlett Sage signed model 8x10 Photo -PROOF- -CERTIFICATE- (A6235),ScarlettS623527022023r,29.95,1,,24,36,r
Scarlett Sage signed model 8x10 Photo -PROOF- -CERTIFICATE- (A6236),ScarlettS623627022023r,29.95,1,,8,36,r
Scarlett Sage signed model 8x10 Photo -PROOF- -CERTIFICATE- (A6237),ScarlettS623727022023r,29.95,1,,,36,r
Scarlett Sage signed model 8x10 Photo -PROOF- -CERTIFICATE- (A6238),ScarlettS623827022023r,29.95,1,,,36,r
Scarlett Sage signed model 8x10 Photo -PROOF- -CERTIFICATE- (A6239),ScarlettS623927022023r,29.95,1,,,36,r
Scarlett Sage signed model 8x10 Photo -PROOF- -CERTIFICATE- (A6240),ScarlettS624027022023r,29.95,1,,,36,r
Silvia Sage signed model 8x10 Photo -PROOF- -CERTIFICATE- (A6262),SilviaS626227022023r,29.95,1,,24,109,r
Sinn Sage signed model 8x10 Photo -PROOF- -CERTIFICATE- (A6275),SinnS627527022023r,29.95,1,,24,67,r
Slimthick Vic signed model 8x10 Photo -PROOF- -CERTIFICATE- (A6320),SlimthickV632027022023r,29.95,1,,24,74,r
Slimthick Vic signed model 8x10 Photo -PROOF- -CERTIFICATE- (A6321),SlimthickV632127022023r,29.95,1,,8,74,r
Slimthick Vic signed model 8x10 Photo -PROOF- -CERTIFICATE- (A6358),SlimthickV635827022023r,29.95,1,,,74,r
Sofie Marie signed model 8x10 Photo -PROOF- -CERTIFICATE- (A6377),SofieM637727022023r,29.95,1,,24,59,r
Sophia Leone signed model 8x10 Photo -PROOF- -CERTIFICATE- (A6380),SophiaL638027022023r,29.95,1,,24,62,r
Sophia Leone signed model 8x10 Photo -PROOF- -CERTIFICATE- (A6397),SophiaL639727022023r,29.95,1,,24,62,r
Sophia Leone signed model 8x10 Photo -PROOF- -CERTIFICATE- (A6411),SophiaL641127022023r,29.95,1,,24,62,r
Sophia Leone signed model 8x10 Photo -PROOF- -CERTIFICATE- (A6412),SophiaL641227022023r,29.95,1,,24,62,r
Sophia Leone signed model 8x10 Photo -PROOF- -CERTIFICATE- (A6413),SophiaL641327022023r,29.95,1,,24,62,r
Sophia Leone signed model 8x10 Photo -PROOF- -CERTIFICATE- (A6414),SophiaL641427022023r,29.95,1,,8,62,r
Sophia Leone signed model 8x10 Photo -PROOF- -CERTIFICATE- (A6415),SophiaL641527022023r,29.95,1,,,62,r
Sophia Leone signed model 8x10 Photo -PROOF- -CERTIFICATE- (A6416),SophiaL641627022023r,29.95,1,,,62,r
Sophia Leone signed model 8x10 Photo -PROOF- -CERTIFICATE- (A6417),SophiaL641727022023r,29.95,1,,,62,r
Sophia Leone signed model 8x10 Photo -PROOF- -CERTIFICATE- (A6419),SophiaL641927022023r,29.95,1,,,62,r
Sophia Leone signed model 8x10 Photo -PROOF- -CERTIFICATE- (A6446),SophiaL644627022023r,29.95,1,,,62,r
Sophia Leone signed model 8x10 Photo -PROOF- -CERTIFICATE- (A6447),SophiaL644727022023r,29.95,1,,,62,r
Spencer Scott signed model 8x10 Photo -PROOF- -CERTIFICATE- (A6456),SpencerS645627022023r,29.95,1,,24,99,r
Spencer Scott signed model 8x10 Photo -PROOF- -CERTIFICATE- (A6457),SpencerS645727022023r,29.95,1,,24,99,r
Spencer Scott signed model 8x10 Photo -PROOF- -CERTIFICATE- (A6460),SpencerS646027022023r,29.95,1,,24,99,r
Spencer Scott signed model 8x10 Photo -PROOF- -CERTIFICATE- (A6461),SpencerS646127022023r,29.95,1,,24,99,r
Spencer Scott signed model 8x10 Photo -PROOF- -CERTIFICATE- (A6462),SpencerS646227022023r,29.95,1,,24,99,r
Spencer Scott signed model 8x10 Photo -PROOF- -CERTIFICATE- (A6463),SpencerS646327022023r,29.95,1,,24,99,r
Spencer Scott signed model 8x10 Photo -PROOF- -CERTIFICATE- (A6464),SpencerS646427022023r,29.95,1,,8,99,r
Spencer Scott signed model 8x10 Photo -PROOF- -CERTIFICATE- (A6474),SpencerS647427022023r,29.95,1,,,99,r
Spencer Scott signed model 8x10 Photo -PROOF- -CERTIFICATE- (A6475),SpencerS647527022023r,29.95,1,,,99,r
Spencer Scott signed model 8x10 Photo -PROOF- -CERTIFICATE- (A6476),SpencerS647627022023r,29.95,1,,,99,r
Spencer Scott signed model 8x10 Photo -PROOF- -CERTIFICATE- (A6486),SpencerS648627022023r,29.95,1,,,99,r
Spencer Scott signed model 8x10 Photo -PROOF- -CERTIFICATE- (A6488),SpencerS648827022023r,29.95,1,,,99,r
Spencer Scott signed model 8x10 Photo -PROOF- -CERTIFICATE- (A6519),SpencerS651927022023r,29.95,1,,,99,r
Spencer Scott signed model 8x10 Photo -PROOF- -CERTIFICATE- (A6526),SpencerS652627022023r,29.95,1,,,99,r
Stoya Jesse signed model 8x10 Photo -PROOF- -CERTIFICATE- (A2016),StoyaJ201627022023r,29.95,1,,24,56,r
Summer Hart signed model 8x10 Photo -PROOF- -CERTIFICATE- (A6533),SummerH653327022023r,29.95,1,,24,114,r
Summer Hart signed model 8x10 Photo -PROOF- -CERTIFICATE- (A6563),SummerH656327022023r,29.95,1,,24,114,r
Summer Hart signed model 8x10 Photo -PROOF- -CERTIFICATE- (A6564),SummerH656427022023r,29.95,1,,8,114,r
Summer Hart signed model 8x10 Photo -PROOF- -CERTIFICATE- (A6565),SummerH656527022023r,29.95,1,,,114,r
Summer Hart signed model 8x10 Photo -PROOF- -CERTIFICATE- (A6566),SummerH656627022023r,29.95,1,,,114,r
Tiffany Watson signed model 8x10 Photo -PROOF- -CERTIFICATE- (A6570),TiffanyW657027022023r,29.95,1,,24,63,r
Tiffany Watson signed model 8x10 Photo -PROOF- -CERTIFICATE- (A6591),TiffanyW659127022023r,29.95,1,,8,63,r
Valerica Steele signed model 8x10 Photo -PROOF- -CERTIFICATE- (A6680),ValericaS668027022023r,29.95,1,,24,66,r
Valerica Steele signed model 8x10 Photo -PROOF- -CERTIFICATE- (A6681),ValericaS668127022023r,29.95,1,,24,66,r
Valerica Steele signed model 8x10 Photo -PROOF- -CERTIFICATE- (A6690),ValericaS669027022023r,29.95,1,,8,66,r
Valerica Steele signed model 8x10 Photo -PROOF- -CERTIFICATE- (A6692),ValericaS669227022023r,29.95,1,,,66,r
Valerica Steele signed model 8x10 Photo -PROOF- -CERTIFICATE- (A6704),ValericaS670427022023r,29.95,1,,,66,r
Vanessa Vega signed model 8x10 Photo -PROOF- -CERTIFICATE- (A6733),VanessaV673327022023r,29.95,1,,24,110,r
Vanessa Vega signed model 8x10 Photo -PROOF- -CERTIFICATE- (A6736),VanessaV673627022023r,29.95,1,,24,110,r
Vanessa Vega signed model 8x10 Photo -PROOF- -CERTIFICATE- (A6737),VanessaV673727022023r,29.95,1,,8,110,r
Vanessa Vega signed model 8x10 Photo -PROOF- -CERTIFICATE- (A6739),VanessaV673927022023r,29.95,1,,,110,r
Vanessa Vega signed model 8x10 Photo -PROOF- -CERTIFICATE- (A6742),VanessaV674227022023r,29.95,1,,,110,r
Vanessa Vega signed model 8x10 Photo -PROOF- -CERTIFICATE- (A6749),VanessaV674927022023r,29.95,1,,,110,r
Victoria Voxxx signed model 8x10 Photo -PROOF- -CERTIFICATE- (A6751),VictoriaV675127022023r,29.95,1,,24,43,r
Victoria Voxxx signed model 8x10 Photo -PROOF- -CERTIFICATE- (A6752),VictoriaV675227022023r,29.95,1,,8,43,r
Violet Monroe signed model 8x10 Photo -PROOF- -CERTIFICATE- (A6776),VioletM677627022023r,29.95,1,,24,113,r
Violet Monroe signed model 8x10 Photo -PROOF- -CERTIFICATE- (A6785),VioletM678527022023r,29.95,1,,24,113,r
Violet Monroe signed model 8x10 Photo -PROOF- -CERTIFICATE- (A6786),VioletM678627022023r,29.95,1,,24,113,r
Violet Monroe signed model 8x10 Photo -PROOF- -CERTIFICATE- (A6787),VioletM678727022023r,29.95,1,,24,113,r
Violet Monroe signed model 8x10 Photo -PROOF- -CERTIFICATE- (A6788),VioletM678827022023r,29.95,1,,8,113,r
Violet Monroe signed model 8x10 Photo -PROOF- -CERTIFICATE- (A6789),VioletM678927022023r,29.95,1,,,113,r
Violet Monroe signed model 8x10 Photo -PROOF- -CERTIFICATE- (A6790),VioletM679027022023r,29.95,1,,,113,r
Violet Monroe signed model 8x10 Photo -PROOF- -CERTIFICATE- (A6791),VioletM679127022023r,29.95,1,,,113,r
Violet Monroe signed model 8x10 Photo -PROOF- -CERTIFICATE- (A6811),VioletM681127022023r,29.95,1,,,113,r
Violet Monroe signed model 8x10 Photo -PROOF- -CERTIFICATE- (A6812),VioletM681227022023r,29.95,1,,,113,r
Whitney Wright signed model 8x10 Photo -PROOF- -CERTIFICATE- (A6816),WhitneyW681627022023r,29.95,1,,24,41,r
Whitney Wright signed model 8x10 Photo -PROOF- -CERTIFICATE- (A6817),WhitneyW681727022023r,29.95,1,,24,41,r
Whitney Wright signed model 8x10 Photo -PROOF- -CERTIFICATE- (A6818),WhitneyW681827022023r,29.95,1,,24,41,r
Whitney Wright signed model 8x10 Photo -PROOF- -CERTIFICATE- (A6822),WhitneyW682227022023r,29.95,1,,8,41,r
Whitney Wright signed model 8x10 Photo -PROOF- -CERTIFICATE- (A6824),WhitneyW682427022023r,29.95,1,,,41,r
Whitney Wright signed model 8x10 Photo -PROOF- -CERTIFICATE- (A6843),WhitneyW684327022023r,29.95,1,,,41,r
Whitney Wright signed model 8x10 Photo -PROOF- -CERTIFICATE- (A6846),WhitneyW684627022023r,29.95,1,,,41,r
Whitney Wright signed model 8x10 Photo -PROOF- -CERTIFICATE- (A6864),WhitneyW686427022023r,29.95,1,,,41,r
Adriana Maya signed model 8x10 Photo -PROOF- -CERTIFICATE- (A1000),AdrianaM100027022023r,29.95,1,,24,115,r
Adriana Maya signed model 8x10 Photo -PROOF- -CERTIFICATE- (A1004),AdrianaM100427022023r,29.95,1,,24,115,r
Adriana Maya signed model 8x10 Photo -PROOF- -CERTIFICATE- (A1005),AdrianaM100527022023r,29.95,1,,24,115,r
Adriana Maya signed model 8x10 Photo -PROOF- -CERTIFICATE- (A1009),AdrianaM100927022023r,29.95,1,,24,115,r
Adriana Maya signed model 8x10 Photo -PROOF- -CERTIFICATE- (A1010),AdrianaM101027022023r,29.95,1,,8,115,r
Adriana Maya signed model 8x10 Photo -PROOF- -CERTIFICATE- (A1031),AdrianaM103127022023r,29.95,1,,,115,r
Adriana Maya signed model 8x10 Photo -PROOF- -CERTIFICATE- (A1033),AdrianaM103327022023r,29.95,1,,,115,r
Adriana Maya signed model 8x10 Photo -PROOF- -CERTIFICATE- (A1034),AdrianaM103427022023r,29.95,1,,,115,r
Adriana Maya signed model 8x10 Photo -PROOF- -CERTIFICATE- (A1039),AdrianaM103927022023r,29.95,1,,,115,r
Aila Donovan signed model 8x10 Photo -PROOF- -CERTIFICATE- (A1374),AilaD137427022023r,29.95,1,,24,52,r
Aila Donovan signed model 8x10 Photo -PROOF- -CERTIFICATE- (A1376),AilaD137627022023r,29.95,1,,24,52,r
Aila Donovan signed model 8x10 Photo -PROOF- -CERTIFICATE- (A1396),AilaD139627022023r,29.95,1,,8,52,r
Aila Donovan signed model 8x10 Photo -PROOF- -CERTIFICATE- (A1397),AilaD139727022023r,29.95,1,,,52,r
Aila Donovan signed model 8x10 Photo -PROOF- -CERTIFICATE- (A1417),AilaD141727022023r,29.95,1,,,52,r
Aila Donovan signed model 8x10 Photo -PROOF- -CERTIFICATE- (A1421),AilaD142127022023r,29.95,1,,,52,r
Allie Addison signed model 8x10 Photo -PROOF- -CERTIFICATE- (A1769),AllieA176927022023r,29.95,1,,24,101,r
Allie Addison signed model 8x10 Photo -PROOF- -CERTIFICATE- (A1764),AllieA176427022023r,29.95,1,,24,101,r
Allie Addison signed model 8x10 Photo -PROOF- -CERTIFICATE- (A1771),AllieA177127022023r,29.95,1,,24,101,r
Allie Addison signed model 8x10 Photo -PROOF- -CERTIFICATE- (A1776),AllieA177627022023r,29.95,1,,24,101,r
Allie Addison signed model 8x10 Photo -PROOF- -CERTIFICATE- (A1783),AllieA178327022023r,29.95,1,,24,101,r
Allie Addison signed model 8x10 Photo -PROOF- -CERTIFICATE- (A1785),AllieA178527022023r,29.95,1,,8,101,r
Allie Addison signed model 8x10 Photo -PROOF- -CERTIFICATE- (A1786),AllieA178627022023r,29.95,1,,,101,r
Allie Addison signed model 8x10 Photo -PROOF- -CERTIFICATE- (A1787),AllieA178727022023r,29.95,1,,,101,r
Allie Addison signed model 8x10 Photo -PROOF- -CERTIFICATE- (A1790),AllieA179027022023r,29.95,1,,,101,r
Allie Addison signed model 8x10 Photo -PROOF- -CERTIFICATE- (A1791),AllieA179127022023r,29.95,1,,,101,r
Allie Addison signed model 8x10 Photo -PROOF- -CERTIFICATE- (A1792),AllieA179227022023r,29.95,1,,,101,r
Allie Addison signed model 8x10 Photo -PROOF- -CERTIFICATE- (A1797),AllieA179727022023r,29.95,1,,,101,r
Angel Dark signed model 8x10 Photo -PROOF- -CERTIFICATE- (A1807),AngelD180727022023r,29.95,1,,,57,r
Angel Dark signed model 8x10 Photo -PROOF- -CERTIFICATE- (A1825),AngelD182527022023r,29.95,1,,,57,r
Angel Dark signed model 8x10 Photo -PROOF- -CERTIFICATE- (A1827),AngelD182727022023r,29.95,1,,,57,r
Angel Dark signed model 8x10 Photo -PROOF- -CERTIFICATE- (A1835),AngelD183527022023r,29.95,1,,,57,r
Angel Dark signed model 8x10 Photo -PROOF- -CERTIFICATE- (A1840),AngelD184027022023r,29.95,1,,,57,r
Angel Dark signed model 8x10 Photo -PROOF- -CERTIFICATE- (A1818),AngelD181827022023r,29.95,1,,,57,r
Angel Dark signed model 8x10 Photo -PROOF- -CERTIFICATE- (A1833),AngelD183327022023r,29.95,1,,,57,r
Francine Dee signed model 8x10 Photo -PROOF- -CERTIFICATE- (A0999),FrancineD099927022023r,29.95,1,,24,89,r
Francine Dee signed model 8x10 Photo -PROOF- -CERTIFICATE- (A1000),FrancineD100027022023r,29.95,1,,24,89,r
Francine Dee signed model 8x10 Photo -PROOF- -CERTIFICATE- (A1001),FrancineD100127022023r,29.95,1,,24,89,r
Francine Dee signed model 8x10 Photo -PROOF- -CERTIFICATE- (A1002),FrancineD100227022023r,29.95,1,,24,89,r
Francine Dee signed model 8x10 Photo -PROOF- -CERTIFICATE- (A3389),FrancineD338927022023r,29.95,1,,24,89,r
Francine Dee signed model 8x10 Photo -PROOF- -CERTIFICATE- (A3395),FrancineD339527022023r,29.95,1,,24,89,r
Francine Dee signed model 8x10 Photo -PROOF- -CERTIFICATE- (A3398),FrancineD339827022023r,29.95,1,,24,89,r
Francine Dee signed model 8x10 Photo -PROOF- -CERTIFICATE- (A3399),FrancineD339927022023r,29.95,1,,24,89,r
Francine Dee signed model 8x10 Photo -PROOF- -CERTIFICATE- (A3400),FrancineD340027022023r,29.95,1,,24,89,r
Francine Dee signed model 8x10 Photo -PROOF- -CERTIFICATE- (A3401),FrancineD340127022023r,29.95,1,,24,89,r
Francine Dee signed model 8x10 Photo -PROOF- -CERTIFICATE- (A3403),FrancineD340327022023r,29.95,1,,24,89,r
Francine Dee signed model 8x10 Photo -PROOF- -CERTIFICATE- (A3404),FrancineD340427022023r,29.95,1,,24,89,r
Francine Dee signed model 8x10 Photo -PROOF- -CERTIFICATE- (A3405),FrancineD340527022023r,29.95,1,,24,89,r
Francine Dee signed model 8x10 Photo -PROOF- -CERTIFICATE- (A3406),FrancineD340627022023r,29.95,1,,24,89,r
Francine Dee signed model 8x10 Photo -PROOF- -CERTIFICATE- (A3415),FrancineD341527022023r,29.95,1,,24,89,r
Francine Dee signed model 8x10 Photo -PROOF- -CERTIFICATE- (A3421),FrancineD342127022023r,29.95,1,,24,89,r
Francine Dee signed model 8x10 Photo -PROOF- -CERTIFICATE- (A3424),FrancineD342427022023r,29.95,1,,24,89,r
Francine Dee signed model 8x10 Photo -PROOF- -CERTIFICATE- (A3425),FrancineD342527022023r,29.95,1,,24,89,r
Francine Dee signed model 8x10 Photo -PROOF- -CERTIFICATE- (A3433),FrancineD343327022023r,29.95,1,,24,89,r
Francine Dee signed model 8x10 Photo -PROOF- -CERTIFICATE- (A3434),FrancineD343427022023r,29.95,1,,24,89,r
Francine Dee signed model 8x10 Photo -PROOF- -CERTIFICATE- (A3435),FrancineD343527022023r,29.95,1,,24,89,r
Francine Dee signed model 8x10 Photo -PROOF- -CERTIFICATE- (A3436),FrancineD343627022023r,29.95,1,,24,89,r
Francine Dee signed model 8x10 Photo -PROOF- -CERTIFICATE- (A3439),FrancineD343927022023r,29.95,1,,24,89,r
Francine Dee signed model 8x10 Photo -PROOF- -CERTIFICATE- (A3440),FrancineD344027022023r,29.95,1,,24,89,r
Francine Dee signed model 8x10 Photo -PROOF- -CERTIFICATE- (A3442),FrancineD344227022023r,29.95,1,,24,89,r
Francine Dee signed model 8x10 Photo -PROOF- -CERTIFICATE- (A3443),FrancineD344327022023r,29.95,1,,24,89,r
Francine Dee signed model 8x10 Photo -PROOF- -CERTIFICATE- (A3445),FrancineD344527022023r,29.95,1,,24,89,r
Francine Dee signed model 8x10 Photo -PROOF- -CERTIFICATE- (A3447),FrancineD344727022023r,29.95,1,,24,89,r
Francine Dee signed model 8x10 Photo -PROOF- -CERTIFICATE- (A3448),FrancineD344827022023r,29.95,1,,24,89,r
Francine Dee signed model 8x10 Photo -PROOF- -CERTIFICATE- (A3451),FrancineD345127022023r,29.95,1,,24,89,r
Francine Dee signed model 8x10 Photo -PROOF- -CERTIFICATE- (A3455),FrancineD345527022023r,29.95,1,,24,89,r
Francine Dee signed model 8x10 Photo -PROOF- -CERTIFICATE- (A3456),FrancineD345627022023r,29.95,1,,24,89,r
Francine Dee signed model 8x10 Photo -PROOF- -CERTIFICATE- (A3457),FrancineD345727022023r,29.95,1,,24,89,r
Francine Dee signed model 8x10 Photo -PROOF- -CERTIFICATE- (A3458),FrancineD345827022023r,29.95,1,,24,89,r
Francine Dee signed model 8x10 Photo -PROOF- -CERTIFICATE- (A3459),FrancineD345927022023r,29.95,1,,24,89,r
Francine Dee signed model 8x10 Photo -PROOF- -CERTIFICATE- (A3462),FrancineD346227022023r,29.95,1,,24,89,r
Francine Dee signed model 8x10 Photo -PROOF- -CERTIFICATE- (A3466),FrancineD346627022023r,29.95,1,,24,89,r
Francine Dee signed model 8x10 Photo -PROOF- -CERTIFICATE- (A3471),FrancineD347127022023r,29.95,1,,24,89,r
Francine Dee signed model 8x10 Photo -PROOF- -CERTIFICATE- (A3472),FrancineD347227022023r,29.95,1,,24,89,r
Francine Dee signed model 8x10 Photo -PROOF- -CERTIFICATE- (A3484),FrancineD348427022023r,29.95,1,,24,89,r
Francine Dee signed model 8x10 Photo -PROOF- -CERTIFICATE- (A3485),FrancineD348527022023r,29.95,1,,24,89,r
Francine Dee signed model 8x10 Photo -PROOF- -CERTIFICATE- (A3486),FrancineD348627022023r,29.95,1,,24,89,r
Francine Dee signed model 8x10 Photo -PROOF- -CERTIFICATE- (A3488),FrancineD348827022023r,29.95,1,,24,89,r
Francine Dee signed model 8x10 Photo -PROOF- -CERTIFICATE- (A3492),FrancineD349227022023r,29.95,1,,24,89,r
Francine Dee signed model 8x10 Photo -PROOF- -CERTIFICATE- (A3499),FrancineD349927022023r,29.95,1,,24,89,r
Francine Dee signed model 8x10 Photo -PROOF- -CERTIFICATE- (A3500),FrancineD350027022023r,29.95,1,,24,89,r
Francine Dee signed model 8x10 Photo -PROOF- -CERTIFICATE- (A3502),FrancineD350227022023r,29.95,1,,24,89,r
Francine Dee signed model 8x10 Photo -PROOF- -CERTIFICATE- (A3505),FrancineD350527022023r,29.95,1,,24,89,r
Francine Dee signed model 8x10 Photo -PROOF- -CERTIFICATE- (A3511),FrancineD351127022023r,29.95,1,,24,89,r
Francine Dee signed model 8x10 Photo -PROOF- -CERTIFICATE- (A3514),FrancineD351427022023r,29.95,1,,24,89,r
Francine Dee signed model 8x10 Photo -PROOF- -CERTIFICATE- (A3515),FrancineD351527022023r,29.95,1,,24,89,r
Francine Dee signed model 8x10 Photo -PROOF- -CERTIFICATE- (A3516),FrancineD351627022023r,29.95,1,,24,89,r
Francine Dee signed model 8x10 Photo -PROOF- -CERTIFICATE- (A3524),FrancineD352427022023r,29.95,1,,24,89,r
Francine Dee signed model 8x10 Photo -PROOF- -CERTIFICATE- (A3525),FrancineD352527022023r,29.95,1,,24,89,r
Francine Dee signed model 8x10 Photo -PROOF- -CERTIFICATE- (A3526),FrancineD352627022023r,29.95,1,,24,89,r
Francine Dee signed model 8x10 Photo -PROOF- -CERTIFICATE- (A3533),FrancineD353327022023r,29.95,1,,24,89,r
Francine Dee signed model 8x10 Photo -PROOF- -CERTIFICATE- (A3534),FrancineD353427022023r,29.95,1,,8,89,r
Francine Dee signed model 8x10 Photo -PROOF- -CERTIFICATE- (A3536),FrancineD353627022023r,29.95,1,,,89,r
Francine Dee signed model 8x10 Photo -PROOF- -CERTIFICATE- (A3537),FrancineD353727022023r,29.95,1,,,89,r
Francine Dee signed model 8x10 Photo -PROOF- -CERTIFICATE- (A3552),FrancineD355227022023r,29.95,1,,,89,r
Francine Dee signed model 8x10 Photo -PROOF- -CERTIFICATE- (A3556),FrancineD355627022023r,29.95,1,,,89,r
Francine Dee signed model 8x10 Photo -PROOF- -CERTIFICATE- (A3574),FrancineD357427022023r,29.95,1,,,89,r
Francine Dee signed model 8x10 Photo -PROOF- -CERTIFICATE- (A3581),FrancineD358127022023r,29.95,1,,,89,r
Francine Dee signed model 8x10 Photo -PROOF- -CERTIFICATE- (A3582),FrancineD358227022023r,29.95,1,,,89,r
Francine Dee signed model 8x10 Photo -PROOF- -CERTIFICATE- (A3583),FrancineD358327022023r,29.95,1,,,89,r
Francine Dee signed model 8x10 Photo -PROOF- -CERTIFICATE- (A3586),FrancineD358627022023r,29.95,1,,,89,r
Francine Dee signed model 8x10 Photo -PROOF- -CERTIFICATE- (A3589),FrancineD358927022023r,29.95,1,,,89,r
Francine Dee signed model 8x10 Photo -PROOF- -CERTIFICATE- (A3597),FrancineD359727022023r,29.95,1,,,89,r
Francine Dee signed model 8x10 Photo -PROOF- -CERTIFICATE- (A3598),FrancineD359827022023r,29.95,1,,,89,r
Francine Dee signed model 8x10 Photo -PROOF- -CERTIFICATE- (A3614),FrancineD361427022023r,29.95,1,,,89,r
Francine Dee signed model 8x10 Photo -PROOF- -CERTIFICATE- (A3621),FrancineD362127022023r,29.95,1,,,89,r
Francine Dee signed model 8x10 Photo -PROOF- -CERTIFICATE- (A3623),FrancineD362327022023r,29.95,1,,,89,r
Francine Dee signed model 8x10 Photo -PROOF- -CERTIFICATE- (A3631),FrancineD363127022023r,29.95,1,,,89,r
Francine Dee signed model 8x10 Photo -PROOF- -CERTIFICATE- (A3638),FrancineD363827022023r,29.95,1,,,89,r
Francine Dee signed model 8x10 Photo -PROOF- -CERTIFICATE- (A3642),FrancineD364227022023r,29.95,1,,,89,r
Francine Dee signed model 8x10 Photo -PROOF- -CERTIFICATE- (A3644),FrancineD364427022023r,29.95,1,,,89,r
Francine Dee signed model 8x10 Photo -PROOF- -CERTIFICATE- (A3647),FrancineD364727022023r,29.95,1,,,89,r
Francine Dee signed model 8x10 Photo -PROOF- -CERTIFICATE- (A3649),FrancineD364927022023r,29.95,1,,,89,r
Francine Dee signed model 8x10 Photo -PROOF- -CERTIFICATE- (A3650),FrancineD365027022023r,29.95,1,,,89,r
Francine Dee signed model 8x10 Photo -PROOF- -CERTIFICATE- (A3656),FrancineD365627022023r,29.95,1,,,89,r
Francine Dee signed model 8x10 Photo -PROOF- -CERTIFICATE- (A3659),FrancineD365927022023r,29.95,1,,,89,r
Francine Dee signed model 8x10 Photo -PROOF- -CERTIFICATE- (A3671),FrancineD367127022023r,29.95,1,,,89,r
Francine Dee signed model 8x10 Photo -PROOF- -CERTIFICATE- (A3674),FrancineD367427022023r,29.95,1,,,89,r
Francine Dee signed model 8x10 Photo -PROOF- -CERTIFICATE- (A3675),FrancineD367527022023r,29.95,1,,,89,r
Francine Dee signed model 8x10 Photo -PROOF- -CERTIFICATE- (A3677),FrancineD367727022023r,29.95,1,,,89,r
Francine Dee signed model 8x10 Photo -PROOF- -CERTIFICATE- (A3678),FrancineD367827022023r,29.95,1,,,89,r
Francine Dee signed model 8x10 Photo -PROOF- -CERTIFICATE- (A3679),FrancineD367927022023r,29.95,1,,,89,r
Francine Dee signed model 8x10 Photo -PROOF- -CERTIFICATE- (A3681),FrancineD368127022023r,29.95,1,,,89,r
Francine Dee signed model 8x10 Photo -PROOF- -CERTIFICATE- (A3683),FrancineD368327022023r,29.95,1,,,89,r
Francine Dee signed model 8x10 Photo -PROOF- -CERTIFICATE- (A3691),FrancineD369127022023r,29.95,1,,,89,r
Francine Dee signed model 8x10 Photo -PROOF- -CERTIFICATE- (A3707),FrancineD370727022023r,29.95,1,,,89,r
Francine Dee signed model 8x10 Photo -PROOF- -CERTIFICATE- (A3716),FrancineD371627022023r,29.95,1,,,89,r
Francine Dee signed model 8x10 Photo -PROOF- -CERTIFICATE- (A3717),FrancineD371727022023r,29.95,1,,,89,r
Francine Dee signed model 8x10 Photo -PROOF- -CERTIFICATE- (A3729),FrancineD372927022023r,29.95,1,,,89,r
Francine Dee signed model 8x10 Photo -PROOF- -CERTIFICATE- (A3733),FrancineD373327022023r,29.95,1,,,89,r
Francine Dee signed model 8x10 Photo -PROOF- -CERTIFICATE- (A3735),FrancineD373527022023r,29.95,1,,,89,r
Francine Dee signed model 8x10 Photo -PROOF- -CERTIFICATE- (A3739),FrancineD373927022023r,29.95,1,,,89,r
Francine Dee signed model 8x10 Photo -PROOF- -CERTIFICATE- (A3740),FrancineD374027022023r,29.95,1,,,89,r
Francine Dee signed model 8x10 Photo -PROOF- -CERTIFICATE- (A3744),FrancineD374427022023r,29.95,1,,,89,r
Francine Dee signed model 8x10 Photo -PROOF- -CERTIFICATE- (A3761),FrancineD376127022023r,29.95,1,,,89,r
Francine Dee signed model 8x10 Photo -PROOF- -CERTIFICATE- (A3766),FrancineD376627022023r,29.95,1,,,89,r
Francine Dee signed model 8x10 Photo -PROOF- -CERTIFICATE- (A3770),FrancineD377027022023r,29.95,1,,,89,r
Francine Dee signed model 8x10 Photo -PROOF- -CERTIFICATE- (A3780),FrancineD378027022023r,29.95,1,,,89,r
Francine Dee signed model 8x10 Photo -PROOF- -CERTIFICATE- (A3783),FrancineD378327022023r,29.95,1,,,89,r
Francine Dee signed model 8x10 Photo -PROOF- -CERTIFICATE- (A3785),FrancineD378527022023r,29.95,1,,,89,r
Francine Dee signed model 8x10 Photo -PROOF- -CERTIFICATE- (A3786),FrancineD378627022023r,29.95,1,,,89,r
Francine Dee signed model 8x10 Photo -PROOF- -CERTIFICATE- (A3789),FrancineD378927022023r,29.95,1,,,89,r
Francine Dee signed model 8x10 Photo -PROOF- -CERTIFICATE- (A3790),FrancineD379027022023r,29.95,1,,,89,r
Francine Dee signed model 8x10 Photo -PROOF- -CERTIFICATE- (A3791),FrancineD379127022023r,29.95,1,,,89,r
Francine Dee signed model 8x10 Photo -PROOF- -CERTIFICATE- (A3802),FrancineD380227022023r,29.95,1,,,89,r
Francine Dee signed model 8x10 Photo -PROOF- -CERTIFICATE- (A3806),FrancineD380627022023r,29.95,1,,,89,r
Francine Dee signed model 8x10 Photo -PROOF- -CERTIFICATE- (A3809),FrancineD380927022023r,29.95,1,,,89,r
Francine Dee signed model 8x10 Photo -PROOF- -CERTIFICATE- (A3810),FrancineD381027022023r,29.95,1,,,89,r
Francine Dee signed model 8x10 Photo -PROOF- -CERTIFICATE- (A3815),FrancineD381527022023r,29.95,1,,,89,r
Jade Kush signed model 8x10 Photo -PROOF- -CERTIFICATE- (A4003),JadeK400327022023r,29.95,1,,,108,r
Morgan Lee And Megan Rain  06-15-2017 signed model 8x10 Photo -PROOF- -CERTIFICATE- (A0008),Morgan Lee And Megan Rain 0000827022023r,29.95,1,,24,35,r
Tru Kait signed model 8x10 Photo -PROOF- -CERTIFICATE- (A6616),TruK661627022023r,29.95,1,,24,100,r
Tru Kait signed model 8x10 Photo -PROOF- -CERTIFICATE- (A6621),TruK662127022023r,29.95,1,,24,100,r
Tru Kait signed model 8x10 Photo -PROOF- -CERTIFICATE- (A6648),TruK664827022023r,29.95,1,,24,100,r
Tru Kait signed model 8x10 Photo -PROOF- -CERTIFICATE- (A6658),TruK665827022023r,29.95,1,,24,100,r
Tru Kait signed model 8x10 Photo -PROOF- -CERTIFICATE- (A6659),TruK665927022023r,29.95,1,,8,100,r
Tru Kait signed model 8x10 Photo -PROOF- -CERTIFICATE- (A6660),TruK666027022023r,29.95,1,,,100,r
Tru Kait signed model 8x10 Photo -PROOF- -CERTIFICATE- (A6661),TruK666127022023r,29.95,1,,,100,r
Tru Kait signed model 8x10 Photo -PROOF- -CERTIFICATE- (A6662),TruK666227022023r,29.95,1,,,100,r
Tru Kait signed model 8x10 Photo -PROOF- -CERTIFICATE- (A6663),TruK666327022023r,29.95,1,,,100,r
Tru Kait signed model 8x10 Photo -PROOF- -CERTIFICATE- (A6664),TruK666427022023r,29.95,1,,,100,r
